City_ID,City,Country,Date,Lat,Lng,Max Temp,Humidity,Cloudiness,Wind Speed
0,San Juan,AR,2021-11-25 17:36:36,-31.5375,-68.5364,305.01,17,0,2.55
1,Hobart,AU,2021-11-25 17:36:37,-42.8794,147.3294,282.07,67,40,0.89
2,Atuona,PF,2021-11-25 17:36:37,-9.8,-139.0333,299.03,79,30,8.05
3,Mount Gambier,AU,2021-11-25 17:36:38,-37.8333,140.7667,283.1,66,75,6.69
4,Saskylakh,RU,2021-11-25 17:36:38,71.9167,114.0833,255.64,92,100,5.28
5,Dargaville,NZ,2021-11-25 17:36:39,-35.9333,173.8833,286.77,96,22,1.33
6,East London,ZA,2021-11-25 17:36:39,-33.0153,27.9116,289.67,88,20,4.12
7,Neiafu,TO,2021-11-25 17:36:40,-18.65,-173.9833,294.53,94,20,0.0
8,Guozhen,CN,2021-11-25 17:36:40,34.3659,107.359,281.17,46,4,1.29
9,Busselton,AU,2021-11-25 17:36:41,-33.65,115.3333,290.95,79,50,4.72
10,Turochak,RU,2021-11-25 17:36:41,52.2576,87.1224,276.72,95,100,3.16
11,Punta Arenas,CL,2021-11-25 17:32:36,-53.15,-70.9167,284.21,58,75,13.89
12,Kieta,PG,2021-11-25 17:36:42,-6.2167,155.6333,298.99,80,43,1.0
13,Hithadhoo,MV,2021-11-25 17:33:05,-0.6,73.0833,300.83,70,85,7.44
14,Puerto Ayora,EC,2021-11-25 17:36:42,-0.7393,-90.3518,299.13,87,49,3.13
15,Kaitangata,NZ,2021-11-25 17:36:43,-46.2817,169.8464,286.72,56,100,2.79
16,Qaanaaq,GL,2021-11-25 17:36:43,77.484,-69.3632,252.93,61,18,2.91
17,Lamar,US,2021-11-25 17:36:44,33.6668,-95.5836,283.7,61,1,8.23
18,Saint-Joseph,RE,2021-11-25 17:36:44,-21.3667,55.6167,297.71,82,44,0.68
19,Wilmington,US,2021-11-25 17:32:09,34.2257,-77.9447,289.81,41,1,4.63
20,Grindavik,IS,2021-11-25 17:36:45,63.8424,-22.4338,276.41,70,40,8.23
21,Albany,US,2021-11-25 17:34:12,42.6001,-73.9662,282.41,64,97,0.99
22,Hermanus,ZA,2021-11-25 17:36:45,-34.4187,19.2345,291.37,71,0,12.8
23,Sur,OM,2021-11-25 17:36:46,22.5667,59.5289,297.8,72,0,0.83
24,College,US,2021-11-25 17:36:47,64.8569,-147.8028,249.59,72,40,0.0
25,Katsuura,JP,2021-11-25 17:36:47,35.1333,140.3,287.14,65,0,8.7
26,La Ronge,CA,2021-11-25 17:36:48,55.1001,-105.2842,262.29,79,75,5.14
27,San Jose De Ocoa,DO,2021-11-25 17:36:48,18.55,-70.5,301.35,75,44,0.71
28,Chuy,UY,2021-11-25 17:36:48,-33.6971,-53.4616,298.05,45,100,2.42
29,Chunskiy,RU,2021-11-25 17:36:49,56.0815,99.6342,268.55,95,100,3.19
30,Tuktoyaktuk,CA,2021-11-25 17:36:49,69.4541,-133.0374,255.15,85,90,8.75
31,Lata,PT,2021-11-25 17:36:50,40.1629,-8.3327,282.63,92,91,1.49
32,Buraydah,SA,2021-11-25 17:36:51,26.326,43.975,295.4,26,0,5.39
33,Lagoa,PT,2021-11-25 17:36:51,39.05,-27.9833,289.9,69,76,14.45
34,Grand Baie,MU,2021-11-25 17:36:52,-20.0182,57.5802,298.41,74,2,2.46
35,Cape Town,ZA,2021-11-25 17:33:46,-33.9258,18.4232,296.54,48,0,10.29
36,Dwarka,IN,2021-11-25 17:36:52,22.2394,68.9678,298.18,57,0,2.19
37,Chilca,PE,2021-11-25 17:36:53,-12.5211,-76.7372,293.24,79,64,3.69
38,Port Hawkesbury,CA,2021-11-25 17:36:53,45.6169,-61.3485,285.91,96,90,3.58
39,Tiksi,RU,2021-11-25 17:36:54,71.6872,128.8694,254.36,82,100,2.57
40,Bredasdorp,ZA,2021-11-25 17:34:13,-34.5322,20.0403,291.08,73,0,11.85
41,Tommot,RU,2021-11-25 17:36:54,58.9564,126.2925,248.07,99,29,0.52
42,Peterhead,GB,2021-11-25 17:36:55,57.5058,-1.7981,276.54,78,100,6.16
43,Lompoc,US,2021-11-25 17:36:56,34.6391,-120.4579,295.69,50,1,2.06
44,Kapaa,US,2021-11-25 17:36:56,22.0752,-159.319,297.33,74,90,4.63
45,Ushuaia,AR,2021-11-25 17:37:56,-54.8,-68.3,283.94,66,75,1.03
46,Castro,BR,2021-11-25 17:36:47,-24.7911,-50.0119,301.93,40,60,3.08
47,Basco,PH,2021-11-25 17:37:57,20.4487,121.9702,298.93,78,75,10.7
48,Mataura,NZ,2021-11-25 17:37:58,-46.1927,168.8643,287.93,56,99,4.0
49,Puerto Leguizamo,CO,2021-11-25 17:37:58,-0.1934,-74.7819,298.39,94,100,0.76
50,Avarua,CK,2021-11-25 17:37:59,-21.2078,-159.775,298.18,88,47,2.57
51,Kadoma,JP,2021-11-25 17:37:59,34.7333,135.5833,289.14,45,34,1.18
52,Salalah,OM,2021-11-25 17:38:00,17.0151,54.0924,301.2,47,0,1.03
53,Kruisfontein,ZA,2021-11-25 17:38:00,-34.0033,24.7314,290.31,70,70,7.94
54,Vila Franca Do Campo,PT,2021-11-25 17:38:01,37.7167,-25.4333,291.38,69,88,7.25
55,Marsa Matruh,EG,2021-11-25 17:38:01,31.3525,27.2453,292.26,77,0,1.54
56,Khatanga,RU,2021-11-25 17:38:02,71.9667,102.5,249.37,96,96,1.96
57,Nikolskoye,RU,2021-11-25 17:38:02,59.7035,30.7861,279.19,92,100,5.52
58,Vallenar,CL,2021-11-25 17:38:03,-28.5708,-70.7581,302.9,23,0,4.62
59,Port Macquarie,AU,2021-11-25 17:38:03,-31.4333,152.9167,295.13,94,40,3.6
60,Torbay,CA,2021-11-25 17:35:31,47.6666,-52.7314,284.42,99,90,10.29
61,Cockburn Town,TC,2021-11-25 17:38:04,21.4612,-71.1419,298.7,69,47,8.43
62,Kodinsk,RU,2021-11-25 17:38:05,58.6881,99.1844,261.27,99,100,1.22
63,Yar-Sale,RU,2021-11-25 17:38:05,66.8333,70.8333,259.97,89,100,4.03
64,Provideniya,RU,2021-11-25 17:38:06,64.3833,-173.3,254.73,82,46,3.22
65,Avera,US,2021-11-25 17:38:06,33.194,-82.5271,290.88,48,99,4.09
66,Gumdag,TM,2021-11-25 17:38:07,39.2061,54.5906,280.68,38,93,8.58
67,Airai,TL,2021-11-25 17:36:56,-8.9266,125.4092,289.84,94,97,0.26
68,Rikitea,PF,2021-11-25 17:38:07,-23.1203,-134.9692,297.68,75,18,6.0
69,Cascais,PT,2021-11-25 17:38:08,38.6979,-9.4215,285.08,71,20,3.58
70,Barrow,US,2021-11-25 17:38:08,71.2906,-156.7887,250.16,77,1,6.17
71,Victoria,HK,2021-11-25 17:35:28,22.2855,114.1577,293.89,75,7,0.89
72,Tasiilaq,GL,2021-11-25 17:38:09,65.6145,-37.6368,273.24,55,0,5.69
73,Bluff,NZ,2021-11-25 17:38:09,-46.6,168.3333,287.37,71,95,4.42
74,Talnakh,RU,2021-11-25 17:38:10,69.4865,88.3972,257.27,95,100,2.71
75,Brae,GB,2021-11-25 17:38:11,60.3964,-1.353,276.1,98,100,4.3
76,Fort Nelson,CA,2021-11-25 17:38:11,58.8053,-122.7002,254.92,78,75,1.03
77,Makakilo City,US,2021-11-25 17:38:12,21.3469,-158.0858,297.33,83,1,2.06
78,Prattville,US,2021-11-25 17:38:12,32.464,-86.4597,292.26,59,1,3.09
79,Abancay,PE,2021-11-25 17:35:42,-13.6339,-72.8814,294.73,55,100,3.33
80,Mitu,CO,2021-11-25 17:38:13,1.1983,-70.1733,303.5,60,100,0.65
81,Pelym,RU,2021-11-25 17:38:14,61.0108,61.9978,257.37,96,84,1.55
82,Taybad,IR,2021-11-25 17:38:14,34.74,60.7756,281.91,74,30,6.02
83,Bar Harbor,US,2021-11-25 17:38:15,44.3876,-68.2039,283.92,45,1,4.12
84,New Norfolk,AU,2021-11-25 17:38:15,-42.7826,147.0587,281.87,63,32,1.48
85,Butaritari,KI,2021-11-25 17:38:15,3.0707,172.7902,301.1,72,61,7.08
86,Beyneu,KZ,2021-11-25 17:38:16,45.3167,55.2,270.88,36,0,2.76
87,Cherskiy,RU,2021-11-25 17:38:18,68.75,161.3,242.51,100,100,1.26
88,Tamiahua,MX,2021-11-25 17:38:18,21.2667,-97.45,300.12,66,25,5.14
89,Kununurra,AU,2021-11-25 17:38:19,-15.7667,128.7333,301.14,89,40,1.54
90,Villa Carlos Paz,AR,2021-11-25 17:36:11,-31.4241,-64.4978,304.48,25,0,6.71
91,Okhotsk,RU,2021-11-25 17:39:19,59.3833,143.3,256.96,81,20,4.2
92,Carnarvon,AU,2021-11-25 17:39:20,-24.8667,113.6333,297.19,60,0,4.63
93,Arraial Do Cabo,BR,2021-11-25 17:39:20,-22.9661,-42.0278,301.13,73,0,8.75
94,Port Hardy,CA,2021-11-25 17:39:21,50.6996,-127.4199,280.25,93,90,9.26
95,Pisco,PE,2021-11-25 17:39:21,-13.7,-76.2167,293.18,77,0,4.63
96,Vardo,NO,2021-11-25 17:39:22,70.3705,31.1107,266.01,86,0,6.69
97,Babaeski,TR,2021-11-25 17:39:22,41.4325,27.0931,282.69,69,78,2.01
98,Cayenne,GF,2021-11-25 17:39:23,4.9333,-52.3333,304.17,82,75,0.45
99,Esperance,AU,2021-11-25 17:39:23,-33.8667,121.9,286.06,79,100,4.14
100,Vaini,TO,2021-11-25 17:39:24,-21.2,-175.2,295.24,100,75,1.54
101,Pokrovka,KG,2021-11-25 17:39:24,42.3414,78.0056,274.86,49,81,3.72
102,Bowen,AU,2021-11-25 17:39:25,-20.0167,148.2333,296.27,82,100,4.62
103,Hun,LY,2021-11-25 17:39:25,29.1268,15.9477,298.4,21,27,5.16
104,Redcliffe,AU,2021-11-25 17:39:26,-27.2307,153.0973,296.53,45,75,3.6
105,Belmonte,BR,2021-11-25 17:39:26,-15.8631,-38.8828,302.15,63,24,5.1
106,Pimentel,PE,2021-11-25 17:39:27,-6.8367,-79.9342,297.31,57,0,7.72
107,Taoudenni,ML,2021-11-25 17:39:28,22.6783,-3.9836,302.16,25,29,4.17
108,Henties Bay,NA,2021-11-25 17:39:28,-22.116,14.2845,289.18,88,0,2.32
109,Upernavik,GL,2021-11-25 17:39:29,72.7868,-56.1549,265.37,88,100,3.83
110,Samarai,PG,2021-11-25 17:39:29,-10.6167,150.6667,301.28,78,89,5.28
111,Aksu,CN,2021-11-25 17:39:30,41.1231,80.2644,272.94,45,19,0.57
112,Leamington,CA,2021-11-25 17:39:30,42.0549,-82.6062,281.15,100,100,5.36
113,Ponta Do Sol,PT,2021-11-25 17:39:31,32.6667,-17.1,291.55,55,99,2.73
114,Maniitsoq,GL,2021-11-25 17:39:31,65.4167,-52.9,268.53,74,93,5.29
115,Bambous Virieux,MU,2021-11-25 17:39:32,-20.3428,57.7575,298.29,78,40,1.54
116,Baniachang,BD,2021-11-25 17:39:33,24.5167,91.3667,291.04,56,0,1.84
117,Siilinjarvi,FI,2021-11-25 17:39:33,63.0833,27.6667,268.16,86,90,4.12
118,Belaya Gora,RU,2021-11-25 17:39:34,68.5333,146.4167,235.52,100,30,0.36
119,Maun,BW,2021-11-25 17:39:34,-19.9833,23.4167,305.13,25,0,2.06
120,Huarmey,PE,2021-11-25 17:39:35,-10.0681,-78.1522,295.49,75,78,5.14
121,Svetlogorsk,BY,2021-11-25 17:39:35,52.6333,29.7333,274.76,74,10,6.24
122,Kodiak,US,2021-11-25 17:39:36,57.79,-152.4072,264.88,53,1,9.77
123,Portland,US,2021-11-25 17:35:07,45.5234,-122.6762,282.32,91,75,0.45
124,Jamestown,US,2021-11-25 17:39:37,42.097,-79.2353,281.77,61,90,3.6
125,Tiznit,MA,2021-11-25 17:39:37,29.5833,-9.5,286.08,65,82,2.92
126,Luderitz,NA,2021-11-25 17:39:38,-26.6481,15.1594,289.75,89,38,3.4
127,Tuatapere,NZ,2021-11-25 17:39:38,-46.1333,167.6833,286.64,76,96,4.1
128,Mar Del Plata,AR,2021-11-25 17:35:05,-38.0023,-57.5575,293.16,85,0,4.02
129,Bilibino,RU,2021-11-25 17:39:39,68.0546,166.4372,244.12,99,100,1.19
130,Qiqihar,CN,2021-11-25 17:39:39,47.3408,123.9672,262.68,81,63,2.81
131,Wanasari,ID,2021-11-25 17:39:39,-7.4068,106.9756,299.29,81,97,1.1
132,Nabire,ID,2021-11-25 17:39:40,-3.3667,135.4833,297.41,92,90,1.5
133,Sholapur,IN,2021-11-25 17:39:40,17.6833,75.9167,296.38,61,3,4.33
134,Aklavik,CA,2021-11-25 17:39:41,68.2191,-135.0107,247.15,76,75,4.12
135,Samokov,BG,2021-11-25 17:39:42,42.3333,23.55,276.5,88,16,1.84
136,Clyde River,CA,2021-11-25 17:40:42,70.4692,-68.5914,255.76,98,100,1.63
137,Ust-Tsilma,RU,2021-11-25 17:40:43,65.441,52.1498,256.9,100,94,1.07
138,Leningradskiy,RU,2021-11-25 17:40:43,69.3833,178.4167,244.53,97,100,2.49
139,Los Llanos De Aridane,ES,2021-11-25 17:40:44,28.6585,-17.9182,290.44,95,75,1.79
140,Aswan,EG,2021-11-25 17:40:44,24.0934,32.907,298.76,22,0,3.09
141,Erenhot,CN,2021-11-25 17:40:45,43.6475,111.9767,267.98,64,1,3.02
142,Ribeira Grande,PT,2021-11-25 17:40:45,38.5167,-28.7,291.37,63,40,10.29
143,Flin Flon,CA,2021-11-25 17:39:13,54.7682,-101.865,259.06,78,90,4.12
144,Kokomo,US,2021-11-25 17:40:46,40.4864,-86.1336,282.16,96,90,7.72
145,Pacifica,US,2021-11-25 17:40:46,37.6138,-122.4869,290.05,57,75,0.45
146,Kavieng,PG,2021-11-25 17:40:47,-2.5744,150.7967,300.92,71,7,3.27
147,Tepeyanco,MX,2021-11-25 17:40:48,19.2458,-98.2333,293.14,42,1,2.57
148,Kupang,ID,2021-11-25 17:40:48,-10.1667,123.5833,300.24,82,99,1.35
149,Touros,BR,2021-11-25 17:35:58,-5.1989,-35.4608,304.65,63,63,6.32
150,Tokmak,UA,2021-11-25 17:40:48,47.2514,35.7058,272.28,74,0,3.26
151,Talcahuano,CL,2021-11-25 17:40:49,-36.7167,-73.1167,292.97,56,0,6.17
152,San Cristobal,VE,2021-11-25 17:40:50,7.7669,-72.225,298.25,63,100,2.72
153,Puerto Maldonado,PE,2021-11-25 17:40:50,-12.6,-69.1833,305.37,62,75,2.57
154,Iqaluit,CA,2021-11-25 17:40:51,63.7506,-68.5145,269.0,80,75,6.17
155,Margate,GB,2021-11-25 17:40:51,51.3813,1.3862,279.09,81,66,8.89
156,Pitanga,BR,2021-11-25 17:40:52,-24.7572,-51.7614,301.0,46,55,1.93
157,Saint-Philippe,RE,2021-11-25 17:40:52,-21.3585,55.7679,298.27,82,69,1.74
158,Namatanai,PG,2021-11-25 17:40:53,-3.6667,152.4333,299.15,80,12,1.7
159,Soyo,AO,2021-11-25 17:40:53,-6.1349,12.3689,298.18,83,100,1.87
160,Meulaboh,ID,2021-11-25 17:40:54,4.1363,96.1285,298.74,84,100,1.86
161,Chicama,PE,2021-11-25 17:40:54,-7.8447,-79.1469,292.45,65,81,4.92
162,Norman Wells,CA,2021-11-25 17:40:55,65.282,-126.8329,245.17,69,75,5.14
163,Iquitos,PE,2021-11-25 17:40:55,-3.7481,-73.2472,304.17,62,75,1.03
164,Sorata,BO,2021-11-25 17:40:56,-15.7667,-68.6333,285.92,75,98,2.91
165,Inuvik,CA,2021-11-25 17:39:53,68.3499,-133.7218,249.71,76,90,1.54
166,Honiara,SB,2021-11-25 17:40:56,-9.4333,159.95,298.55,84,85,2.17
167,Ilulissat,GL,2021-11-25 17:40:58,69.2167,-51.1,270.16,68,75,4.63
168,Sibolga,ID,2021-11-25 17:40:58,1.7427,98.7792,297.81,90,77,1.28
169,Kontagora,NG,2021-11-25 17:40:58,10.3999,5.4695,301.39,21,31,1.15
170,Korla,CN,2021-11-25 17:40:59,41.7597,86.1469,271.71,52,1,1.15
171,Cidreira,BR,2021-11-25 17:41:00,-30.1811,-50.2056,297.12,75,64,8.96
172,Tindivanam,IN,2021-11-25 17:41:00,12.25,79.65,297.39,92,99,3.97
173,Port Alfred,ZA,2021-11-25 17:41:01,-33.5906,26.891,291.08,70,95,10.11
174,Porto Real,BR,2021-11-25 17:41:01,-22.4197,-44.2903,303.04,55,15,1.35
175,Sapernoye,RU,2021-11-25 17:41:02,60.7167,29.9505,277.7,94,100,3.49
176,Quatre Cocos,MU,2021-11-25 17:41:02,-20.2078,57.7625,298.21,70,7,2.19
177,Monrovia,LR,2021-11-25 17:41:02,6.3005,-10.7969,301.45,73,12,4.14
178,Srednekolymsk,RU,2021-11-25 17:41:03,67.45,153.6833,236.18,100,33,1.35
179,Saint Anthony,US,2021-11-25 17:41:04,45.0205,-93.218,267.73,50,1,2.24
180,Tsumeb,NA,2021-11-25 17:41:05,-19.2333,17.7167,301.12,13,0,3.1
181,Pevek,RU,2021-11-25 17:41:05,69.7008,170.3133,249.43,98,100,1.09
182,Te Anau,NZ,2021-11-25 17:41:07,-45.4167,167.7167,284.63,89,99,2.84
183,Itainopolis,BR,2021-11-25 17:42:07,-7.4469,-41.4783,313.31,19,59,2.13
184,Luau,AO,2021-11-25 17:42:08,-10.7073,22.2247,292.32,96,100,0.1
185,Moa,CU,2021-11-25 17:42:08,20.6569,-74.9403,298.51,67,95,5.01
186,Kotido,UG,2021-11-25 17:42:09,2.9806,34.1331,299.17,35,85,3.2
187,Olafsvik,IS,2021-11-25 17:42:09,64.8945,-23.7142,275.34,69,38,6.23
188,Bethel,US,2021-11-25 17:42:10,41.3712,-73.414,285.69,46,90,0.45
189,Itaituba,BR,2021-11-25 17:42:10,-4.2761,-55.9836,305.24,66,40,1.03
190,Lorengau,PG,2021-11-25 17:42:11,-2.0226,147.2712,300.19,75,54,1.14
191,Palauig,PH,2021-11-25 17:42:12,15.435,119.9045,300.26,72,100,2.31
192,Madera,US,2021-11-25 17:38:56,37.1666,-119.8343,294.8,60,3,1.15
193,Roma,US,2021-11-25 17:42:13,43.2128,-75.4557,281.72,62,90,2.06
194,Marsh Harbour,BS,2021-11-25 17:42:13,26.5412,-77.0636,295.95,64,46,7.74
195,Kamenka,RU,2021-11-25 17:42:14,51.3223,42.7678,274.12,90,88,4.07
196,Klaksvik,FO,2021-11-25 17:42:14,62.2266,-6.589,278.66,93,100,9.33
197,Hilo,US,2021-11-25 17:42:15,19.7297,-155.09,297.19,95,90,2.06
198,Laktasi,BA,2021-11-25 17:42:15,44.9081,17.3008,279.07,100,98,1.03
199,Novo Oriente,BR,2021-11-25 17:42:16,-5.5344,-40.7742,310.06,23,85,3.12
200,Loubomo,CG,2021-11-25 17:42:16,-4.1997,12.6739,295.13,96,79,0.72
201,Beringovskiy,RU,2021-11-25 17:42:17,63.05,179.3167,250.87,89,60,4.24
202,Longyearbyen,SJ,2021-11-25 17:42:17,78.2186,15.6401,262.06,48,20,7.2
203,Seoul,KR,2021-11-25 17:38:34,37.5683,126.9778,274.88,69,0,1.54
204,Gornopravdinsk,RU,2021-11-25 17:42:18,60.05,69.9,255.73,98,71,2.29
205,Saint George,US,2021-11-25 17:41:02,37.1041,-113.5841,282.94,31,1,0.45
206,Hasaki,JP,2021-11-25 17:42:19,35.7333,140.8333,280.31,49,0,3.61
207,Cabo San Lucas,MX,2021-11-25 17:42:19,22.8909,-109.9124,300.1,65,75,0.45
208,Sisimiut,GL,2021-11-25 17:42:20,66.9395,-53.6735,267.4,75,95,6.01
209,Tolaga Bay,NZ,2021-11-25 17:42:20,-38.3667,178.3,286.77,82,52,2.66
210,Binika,IN,2021-11-25 17:42:21,21.0333,83.8,293.6,67,0,1.06
211,Labe,GN,2021-11-25 17:42:21,11.3182,-12.2833,296.74,37,40,1.81
212,Araouane,ML,2021-11-25 17:42:21,18.9048,-3.5265,302.06,23,18,3.51
213,Alibag,IN,2021-11-25 17:42:22,18.6411,72.8792,302.19,75,93,2.44
214,Eureka,US,2021-11-25 17:42:22,40.8021,-124.1637,281.81,38,100,0.63
215,Kahului,US,2021-11-25 17:42:23,20.8947,-156.47,299.17,78,20,0.0
216,Awbari,LY,2021-11-25 17:42:24,26.5921,12.7805,297.48,27,3,4.61
217,Pochutla,MX,2021-11-25 17:42:24,15.7432,-96.4661,304.72,46,20,3.22
218,Tuy Hoa,VN,2021-11-25 17:42:25,13.0833,109.3,296.95,87,93,5.76
219,Voznesenye,RU,2021-11-25 17:42:25,61.0106,35.4781,275.91,97,100,6.66
220,Morant Bay,JM,2021-11-25 17:42:26,17.8815,-76.4093,298.94,73,44,6.23
221,Kirakira,SB,2021-11-25 17:42:26,-10.4544,161.9205,299.1,83,46,2.91
222,Senneterre,CA,2021-11-25 17:42:27,48.3835,-77.2328,274.27,100,100,0.3
223,Bara,NG,2021-11-25 17:42:27,10.3744,10.7288,301.09,18,52,3.15
224,Mahanoro,MG,2021-11-25 17:42:28,-19.9,48.8,297.62,92,96,2.22
225,Ayan,RU,2021-11-25 17:42:28,56.45,138.1667,267.56,75,74,3.5
226,Chokurdakh,RU,2021-11-25 17:42:29,70.6333,147.9167,238.58,100,39,2.47
227,Tiszakeszi,HU,2021-11-25 17:42:29,47.7833,21.0,278.22,79,8,1.39
228,Sulangan,PH,2021-11-25 17:43:29,11.1373,123.7228,301.49,77,66,3.67
229,Novikovo,RU,2021-11-25 17:43:30,51.1537,37.8879,272.82,85,92,4.04
230,Torri Di Quartesolo,IT,2021-11-25 17:43:30,45.525,11.6123,281.84,89,100,0.45
231,Oranjestad,AW,2021-11-25 17:43:19,12.524,-70.027,302.12,70,40,6.69
232,Inhambupe,BR,2021-11-25 17:43:31,-11.7844,-38.3531,295.8,96,100,4.26
233,Nalut,LY,2021-11-25 17:43:32,30.3333,10.85,291.69,38,1,5.74
234,Sorong,ID,2021-11-25 17:43:32,-0.8833,131.25,300.19,80,91,2.68
235,Yellowknife,CA,2021-11-25 17:43:02,62.456,-114.3525,260.05,88,90,8.75
236,Havelock,US,2021-11-25 17:43:33,34.8791,-76.9013,289.25,36,1,1.79
237,Pringsewu,ID,2021-11-25 17:43:34,-5.3582,104.9744,296.66,91,85,1.23
238,Challapata,BO,2021-11-25 17:43:34,-18.9,-66.7667,293.56,23,87,0.53
239,Jagdalpur,IN,2021-11-25 17:43:35,19.0667,82.0333,291.26,76,67,1.24
240,Port Elizabeth,ZA,2021-11-25 17:43:35,-33.918,25.5701,291.54,68,75,8.75
241,Namibe,AO,2021-11-25 17:43:36,-15.1961,12.1522,293.73,70,2,4.71
242,Jakarta,ID,2021-11-25 17:42:52,-6.2146,106.8451,301.22,80,100,1.97
243,Mahebourg,MU,2021-11-25 17:43:37,-20.4081,57.7,298.31,78,40,1.54
244,Mackay,AU,2021-11-25 17:43:38,-21.15,149.2,297.06,94,40,0.51
245,Sao Gabriel Da Cachoeira,BR,2021-11-25 17:43:38,-0.1303,-67.0892,306.04,58,40,2.06
246,Yashkul,RU,2021-11-25 17:43:39,46.1711,45.3435,273.6,72,0,2.75
247,Santa Leopoldina,BR,2021-11-25 17:43:39,-20.1006,-40.5297,300.94,67,33,2.88
248,Mabaruma,GY,2021-11-25 17:43:39,8.2,-59.7833,301.17,87,71,2.06
249,Merauke,ID,2021-11-25 17:43:40,-8.4667,140.3333,300.38,72,100,2.8
250,Nacala,MZ,2021-11-25 17:43:41,-14.5428,40.6728,298.76,85,87,1.85
251,Ixtapa,MX,2021-11-25 17:43:41,20.7,-105.2,298.72,89,1,2.06
252,Codrington,AU,2021-11-25 17:43:42,-38.2667,141.9667,283.82,65,75,9.41
253,Georgetown,MY,2021-11-25 17:42:02,5.4112,100.3354,299.12,90,40,0.89
254,Rincon,US,2021-11-25 17:43:42,32.296,-81.2354,291.96,47,40,0.45
255,Havoysund,NO,2021-11-25 17:43:43,70.9963,24.6622,268.64,66,100,5.43
256,Yizheng,CN,2021-11-25 17:43:44,24.6706,103.4296,280.58,96,16,1.22
257,Pueblo,US,2021-11-25 17:43:44,38.2545,-104.6091,283.16,53,1,0.45
258,Moose Factory,CA,2021-11-25 17:43:45,51.2585,-80.6094,262.15,73,90,5.14
259,Mbandaka,CD,2021-11-25 17:43:45,0.0487,18.2603,296.89,84,99,2.05
260,Slantsy,RU,2021-11-25 17:43:46,59.1182,28.0914,278.79,87,100,6.9
261,Coos Bay,US,2021-11-25 17:43:46,43.3665,-124.2179,279.14,81,40,4.12
262,Carupano,VE,2021-11-25 17:43:47,10.6678,-63.2585,302.58,68,62,4.38
263,Hofn,IS,2021-11-25 17:43:47,64.2539,-15.2082,276.16,65,20,8.23
264,Batagay,RU,2021-11-25 17:43:48,67.6333,134.6333,236.28,98,100,1.21
265,Zhezkazgan,KZ,2021-11-25 17:43:49,47.8043,67.7144,265.4,72,0,2.37
266,Huescar,ES,2021-11-25 17:43:49,37.811,-2.5412,280.52,85,46,2.05
267,Los Andes,CL,2021-11-25 17:43:50,-32.8337,-70.5983,305.31,11,0,3.76
268,Yantal,RU,2021-11-25 17:43:50,56.8471,105.2542,264.3,97,100,1.92
269,Tabuk,PH,2021-11-25 17:43:51,17.4189,121.4443,295.41,95,80,1.27
270,Walvis Bay,NA,2021-11-25 17:43:51,-22.9575,14.5053,289.68,77,4,3.6
271,Whitehorse,CA,2021-11-25 17:39:25,60.7161,-135.0538,262.09,92,90,2.06
272,Vila Velha,BR,2021-11-25 17:43:40,-20.3297,-40.2925,301.12,74,0,0.89
273,Akureyri,IS,2021-11-25 17:44:52,65.6835,-18.0878,272.11,80,75,9.77
274,Port Lincoln,AU,2021-11-25 17:44:53,-34.7333,135.8667,287.78,76,100,8.95
275,San Quintin,MX,2021-11-25 17:41:50,30.4833,-115.95,293.59,37,0,2.19
276,Riyadh,SA,2021-11-25 17:44:54,24.6877,46.7219,295.23,31,0,4.1
277,Sao Felix Do Xingu,BR,2021-11-25 17:44:55,-6.6447,-51.995,304.44,60,98,1.5
278,Sri Aman,MY,2021-11-25 17:44:55,1.2376,111.4621,297.18,94,100,0.0
279,Ahipara,NZ,2021-11-25 17:44:56,-35.1667,173.1667,288.74,85,89,1.37
280,Novyy Urengoy,RU,2021-11-25 17:44:56,66.0833,76.6333,258.32,96,99,2.95
281,Myitkyina,MM,2021-11-25 17:44:57,25.3833,97.4,288.47,69,0,0.96
282,Broome,US,2021-11-25 17:44:57,42.2506,-75.833,280.82,67,90,0.89
283,Lulea,SE,2021-11-25 17:44:58,65.5842,22.1547,261.19,85,75,3.6
284,San Angelo,US,2021-11-25 17:44:58,31.4638,-100.437,284.27,39,1,2.68
285,Delvada,IN,2021-11-25 17:44:59,20.7667,71.0333,298.29,56,66,0.97
286,Saldanha,ZA,2021-11-25 17:44:59,-33.0117,17.9442,296.21,42,0,5.48
287,Sale,MA,2021-11-25 17:44:59,34.0389,-6.8166,288.01,82,40,2.57
288,Sao Filipe,CV,2021-11-25 17:45:00,14.8961,-24.4956,299.02,73,98,4.46
289,Zlynka,RU,2021-11-25 17:45:00,52.4267,31.7378,276.03,82,35,5.73
290,Marawi,PH,2021-11-25 17:45:01,7.9986,124.2928,292.4,94,95,0.62
291,Fortuna,US,2021-11-25 17:45:01,40.5982,-124.1573,281.66,71,1,0.0
292,Yulara,AU,2021-11-25 17:45:02,-25.2406,130.9889,290.06,72,0,4.63
293,Buchanan,LR,2021-11-25 17:45:02,5.8808,-10.0467,301.26,75,42,3.85
294,Mackenzie,CA,2021-11-25 17:45:03,55.2999,-123.1698,275.27,87,90,5.66
295,Komsomolskiy,UZ,2021-11-25 17:45:03,40.4272,71.7189,280.83,53,100,4.12
296,Lashio,MM,2021-11-25 17:45:04,22.9333,97.75,286.75,97,0,0.62
297,Marsabit,KE,2021-11-25 17:45:04,2.3284,37.9899,299.05,31,85,4.94
298,Guymon,US,2021-11-25 17:44:11,36.6828,-101.4816,280.12,45,1,4.12
299,Severo-Yeniseyskiy,RU,2021-11-25 17:45:05,60.3725,93.0408,255.87,98,97,1.0
300,Caucaia,BR,2021-11-25 17:45:06,-3.7361,-38.6531,305.41,65,40,7.72
301,Sena Madureira,BR,2021-11-25 17:45:06,-9.0656,-68.6569,307.17,41,100,1.83
302,Passo De Camaragibe,BR,2021-11-25 17:45:06,-9.2368,-35.4901,305.9,57,43,5.17
303,Gerash,IR,2021-11-25 17:45:07,27.6652,54.1371,289.23,20,0,1.84
304,Dikson,RU,2021-11-25 17:45:08,73.5069,80.5464,254.45,93,100,2.11
305,Antalaha,MG,2021-11-25 17:45:08,-14.9003,50.2788,296.78,83,7,1.1
306,Japura,ID,2021-11-25 17:45:09,-0.3167,102.35,295.79,95,99,1.09
307,Kushmurun,KZ,2021-11-25 17:45:09,52.4503,64.6311,263.12,83,95,6.03
308,Acapulco,MX,2021-11-25 17:44:03,16.8634,-99.8901,303.05,62,20,2.06
309,Jiayuguan,CN,2021-11-25 17:45:10,39.8167,98.3,271.04,38,3,0.62
310,Santarem,BR,2021-11-25 17:45:11,-2.4431,-54.7083,303.22,79,75,2.06
311,Nazca,PE,2021-11-25 17:45:12,-14.8333,-74.95,301.92,34,79,3.94
312,Zhengjiatun,CN,2021-11-25 17:45:12,43.5064,123.5064,258.75,95,50,1.36
313,Cuyahoga Falls,US,2021-11-25 17:45:13,41.1339,-81.4846,281.16,89,90,0.45
314,Manokwari,ID,2021-11-25 17:45:13,-0.8667,134.0833,299.0,82,58,1.65
315,Sirjan,IR,2021-11-25 17:45:14,29.452,55.6814,286.95,21,0,2.0
316,Marystown,CA,2021-11-25 17:46:14,47.1666,-55.1483,285.29,100,100,2.68
317,Sembe,CG,2021-11-25 17:46:15,1.6481,14.5806,298.09,64,79,0.43
318,Bonthe,SL,2021-11-25 17:46:15,7.5264,-12.505,301.45,76,30,4.16
319,Saint-Louis,SN,2021-11-25 17:46:16,16.3333,-15.0,311.95,14,92,4.25
320,Alofi,NU,2021-11-25 17:46:16,-19.0595,-169.9187,294.09,94,58,0.0
321,Isangel,VU,2021-11-25 17:46:17,-19.55,169.2667,297.49,84,41,2.13
322,Dubai,AE,2021-11-25 17:45:16,25.2582,55.3047,301.05,57,0,2.57
323,Yaval,IN,2021-11-25 17:46:17,21.1667,75.7,297.01,40,60,1.66
324,Cruzeiro Do Sul,BR,2021-11-25 17:46:18,-29.5128,-51.9853,311.22,42,69,5.81
325,Bulgan,MN,2021-11-25 17:46:19,48.8125,103.5347,266.67,72,59,2.15
326,Hami,CN,2021-11-25 17:46:19,42.8,93.45,270.86,61,10,1.54
327,Takapau,NZ,2021-11-25 17:46:20,-40.0333,176.35,286.18,78,10,1.92
328,Waddan,LY,2021-11-25 17:46:20,29.1614,16.139,298.27,22,49,4.96
329,Gat,IL,2021-11-25 17:46:21,31.61,34.7642,292.53,100,4,1.58
330,Mount Isa,AU,2021-11-25 17:46:21,-20.7333,139.5,294.02,60,40,2.06
331,Hamilton,US,2021-11-25 17:44:05,39.1834,-84.5333,281.61,95,90,0.89
332,Harper,LR,2021-11-25 17:46:22,4.375,-7.7169,300.34,80,32,3.37
333,Abha,SA,2021-11-25 17:46:22,18.2164,42.5053,289.05,82,0,2.57
334,Ojinaga,MX,2021-11-25 17:46:23,29.5667,-104.4167,289.68,31,1,9.26
335,Aleksandrovskoye,RU,2021-11-25 17:46:23,44.7142,43.0008,273.23,87,8,4.65
336,Solnechnyy,RU,2021-11-25 17:46:24,50.7214,136.6319,268.95,95,100,3.42
337,Kaseda,JP,2021-11-25 17:46:24,31.4167,130.3167,288.61,61,27,4.44
338,Ola,RU,2021-11-25 17:46:25,59.5833,151.2833,254.02,84,10,6.8
339,Axim,GH,2021-11-25 17:46:25,4.8699,-2.2405,300.43,79,31,2.73
340,Maracaibo,VE,2021-11-25 17:43:22,10.6317,-71.6406,301.68,69,99,1.44
341,Doha,QA,2021-11-25 17:46:27,25.2867,51.5333,297.14,55,0,3.6
342,Kasongo-Lunda,CD,2021-11-25 17:46:28,-6.4667,16.8167,294.6,93,60,1.06
343,Kashiwazaki,JP,2021-11-25 17:46:29,37.3667,138.55,280.31,70,98,9.52
344,Cankuzo,BI,2021-11-25 17:46:30,-3.1333,30.5833,289.5,91,99,1.06
345,Souillac,MU,2021-11-25 17:46:30,-20.5167,57.5167,298.36,78,40,1.54
346,Santiago Del Estero,AR,2021-11-25 17:41:31,-27.7951,-64.2615,305.26,22,0,6.95
347,Aanekoski,FI,2021-11-25 17:46:31,62.6946,25.818,269.64,98,97,1.31
348,Sabha,LY,2021-11-25 17:46:31,27.0377,14.4283,297.98,18,1,4.13
349,Bubaque,GW,2021-11-25 17:46:32,11.2833,-15.8333,301.56,74,100,5.89
350,Bambanglipuro,ID,2021-11-25 17:46:33,-7.95,110.2833,298.88,84,100,1.77
351,Sabang,ID,2021-11-25 17:46:33,5.8933,95.3214,300.31,76,100,2.33
352,Banikoara,BJ,2021-11-25 17:46:34,11.2985,2.4386,302.98,16,6,2.51
353,Saint-Gilles,FR,2021-11-25 17:46:34,43.6766,4.4302,282.68,87,90,2.57
354,Lahat,ID,2021-11-25 17:46:35,-3.8,103.5333,296.39,93,100,0.52
355,Calabozo,VE,2021-11-25 17:46:35,8.9242,-67.4293,305.6,47,92,1.72
356,Severo-Kurilsk,RU,2021-11-25 17:46:36,50.6789,156.125,274.26,88,85,2.02
357,Tahe,CN,2021-11-25 17:46:36,52.3333,124.7333,258.35,93,80,1.43
358,Masvingo,ZW,2021-11-25 17:46:36,-20.0637,30.8277,292.09,69,90,5.54
359,Karpathos,GR,2021-11-25 17:46:37,35.507,27.2132,289.13,67,20,6.17
360,Lebu,CL,2021-11-25 17:47:38,-37.6167,-73.65,289.79,70,3,5.01
361,Virginia Beach,US,2021-11-25 17:44:29,36.8529,-75.978,288.18,39,1,7.72
362,Haines Junction,CA,2021-11-25 17:47:38,60.7522,-137.5108,256.12,71,100,3.09
363,Ostrovnoy,RU,2021-11-25 17:47:39,68.0531,39.5131,265.33,71,100,1.19
364,Vestmanna,FO,2021-11-25 17:47:39,62.1564,-7.1664,277.66,70,90,7.72
365,Sorada,IN,2021-11-25 17:47:40,19.75,84.4333,295.34,87,4,0.73
366,Vostok,RU,2021-11-25 17:47:40,46.4856,135.8833,260.55,97,100,1.9
367,Maebaru,JP,2021-11-25 17:47:41,33.55,130.2,284.8,64,1,4.06
368,Nago,JP,2021-11-25 17:47:41,26.5881,127.9761,293.24,66,100,3.45
369,Richards Bay,ZA,2021-11-25 17:47:42,-28.783,32.0377,292.08,76,100,3.37
370,Dicabisagan,PH,2021-11-25 17:47:42,17.0818,122.4157,297.22,96,100,5.71
371,Sola,VU,2021-11-25 17:47:43,-13.8833,167.55,300.0,75,55,8.39
372,Verkh-Usugli,RU,2021-11-25 17:47:43,52.7,115.1667,253.66,100,47,0.47
373,Gallup,US,2021-11-25 17:47:44,35.5281,-108.7426,275.06,50,1,2.24
374,Nome,US,2021-11-25 17:44:46,64.5011,-165.4064,250.19,64,1,0.0
375,Cacu,BR,2021-11-25 17:47:44,-18.5567,-51.1308,306.56,37,97,1.95
376,Nelson Bay,AU,2021-11-25 17:47:45,-32.7167,152.15,294.32,96,100,4.87
377,Atar,MR,2021-11-25 17:47:45,20.5169,-13.0499,305.33,19,100,3.93
378,Vestmannaeyjar,IS,2021-11-25 17:47:46,63.4427,-20.2734,278.7,75,40,11.83
379,Hammerfest,NO,2021-11-25 17:47:46,70.6634,23.6821,268.4,63,100,4.63
380,Limbdi,IN,2021-11-25 17:47:47,22.5667,71.8,297.46,30,1,2.61
381,Xichang,CN,2021-11-25 17:47:47,27.8964,102.2634,282.91,75,71,0.95
382,Port Hedland,AU,2021-11-25 17:47:48,-20.3167,118.5667,296.18,73,2,3.6
383,Porto Novo,BJ,2021-11-25 17:45:59,6.4965,2.6036,300.63,79,40,3.52
384,Magadan,RU,2021-11-25 17:44:31,59.5667,150.8,255.65,76,10,6.36
385,Yerbogachen,RU,2021-11-25 17:47:48,61.2767,108.0108,259.34,98,99,1.71
386,Victor Harbor,AU,2021-11-25 17:47:49,-35.5667,138.6167,288.2,78,100,9.19
387,Chernyshevskiy,RU,2021-11-25 17:47:50,63.0128,112.4714,251.69,100,99,1.26
388,Conakry,GN,2021-11-25 17:47:50,9.538,-13.6773,305.19,70,75,5.14
389,Nagtipunan,PH,2021-11-25 17:47:50,16.2167,121.6,296.46,98,100,0.69
390,Liverpool,GB,2021-11-25 17:44:19,53.4106,-2.9779,279.61,77,20,1.34
391,Albury,AU,2021-11-25 17:47:51,-36.0833,146.9167,290.18,82,90,4.63
392,Kovernino,RU,2021-11-25 17:47:52,57.1253,43.8142,267.78,96,92,3.1
393,Necochea,AR,2021-11-25 17:47:52,-38.5473,-58.7368,296.36,55,100,4.63
394,Laguna Beach,US,2021-11-25 17:47:53,33.5423,-117.7831,297.24,12,1,3.58
395,Jawhar,SO,2021-11-25 17:47:53,2.7809,45.5005,299.73,79,93,6.65
396,Krasnoselkup,RU,2021-11-25 17:47:54,65.7,82.4667,255.11,97,98,4.73
397,Dhidhdhoo,MV,2021-11-25 17:47:54,6.8833,73.1,300.59,70,100,1.57
398,Lucapa,AO,2021-11-25 17:47:55,-8.4192,20.7447,293.02,92,79,0.32
399,Teya,RU,2021-11-25 17:47:55,60.3778,92.6267,258.32,98,100,0.62
400,Kulhudhuffushi,MV,2021-11-25 17:47:56,6.6221,73.07,300.7,70,100,2.02
401,Eyl,SO,2021-11-25 17:47:56,7.9803,49.8164,299.78,79,45,8.96
402,Faya,SA,2021-11-25 17:47:57,18.3851,42.4509,289.21,74,36,1.81
403,Sao Joao Da Barra,BR,2021-11-25 17:46:42,-21.6403,-41.0511,300.2,70,37,4.67
404,Marrakesh,MA,2021-11-25 17:45:33,31.6315,-8.0083,288.19,55,75,2.06
405,Tromso,NO,2021-11-25 17:47:58,69.6496,18.957,268.16,58,0,0.89
406,Havre-Saint-Pierre,CA,2021-11-25 17:48:58,50.2334,-63.5986,278.35,100,90,4.63
407,Aljezur,PT,2021-11-25 17:48:59,37.3191,-8.8033,284.92,72,41,5.16
408,Saint-Augustin,CA,2021-11-25 17:47:49,51.226,-58.6502,280.68,98,100,6.49
409,Jumla,NP,2021-11-25 17:48:59,29.2747,82.1838,276.35,62,0,1.6
410,Pangnirtung,CA,2021-11-25 17:49:00,66.1451,-65.7125,270.15,74,90,2.06
411,Kjopsvik,NO,2021-11-25 17:49:00,68.097,16.3742,269.91,80,100,3.3
412,Tshikapa,CD,2021-11-25 17:49:01,-6.4167,20.8,295.27,94,87,1.35
413,Fairbanks,US,2021-11-25 17:49:01,64.8378,-147.7164,247.58,73,1,0.0
414,Tefe,BR,2021-11-25 17:49:02,-3.3542,-64.7114,305.21,66,20,2.57
415,Lombardia,MX,2021-11-25 17:49:03,19.15,-102.0333,301.04,39,1,1.62
416,Catia La Mar,VE,2021-11-25 17:49:03,10.6038,-67.0303,301.0,85,50,2.07
417,Rawson,AR,2021-11-25 17:49:03,-43.3002,-65.1023,296.03,32,11,7.7
418,Villaviciosa,ES,2021-11-25 17:49:04,43.4813,-5.4357,283.71,87,98,2.02
419,Abu Road,IN,2021-11-25 17:49:05,24.4833,72.7833,294.61,36,0,1.51
420,Bengkulu,ID,2021-11-25 17:49:05,-3.8004,102.2655,298.35,84,71,1.69
421,Russkaya Polyana,UA,2021-11-25 17:49:05,49.417,31.9201,274.24,75,6,5.79
422,Constitucion,CL,2021-11-25 17:49:06,-35.3333,-72.4167,292.92,63,13,7.35
423,Mana,GF,2021-11-25 17:49:06,5.6592,-53.7767,301.55,73,83,3.45
424,Ipixuna,BR,2021-11-25 17:49:07,-1.7625,-48.8043,300.12,71,100,2.09
425,Udachnyy,RU,2021-11-25 17:49:07,66.4167,112.4,245.37,100,79,2.66
426,Bandarbeyla,SO,2021-11-25 17:49:08,9.4942,50.8122,299.34,84,66,8.2
427,San Patricio,US,2021-11-25 17:49:08,28.017,-97.5169,299.14,69,97,7.32
428,Lavrentiya,RU,2021-11-25 17:49:09,65.5833,-171.0,251.61,89,3,4.0
429,Nadvoitsy,RU,2021-11-25 17:49:09,63.8667,34.3167,269.35,94,100,6.83
430,Lithgow,AU,2021-11-25 17:49:10,-33.4833,150.15,288.97,100,88,1.49
431,Cartagena,CO,2021-11-25 17:49:10,10.3997,-75.5144,301.94,79,40,2.57
432,Iaciara,BR,2021-11-25 17:49:11,-14.0958,-46.6317,307.34,21,53,3.41
433,Qasigiannguit,GL,2021-11-25 17:49:11,68.8193,-51.1922,270.29,85,97,3.59
434,Sibut,CF,2021-11-25 17:49:12,5.718,19.0739,298.84,38,8,0.93
435,Port Blair,IN,2021-11-25 17:49:12,11.6667,92.75,298.73,86,100,2.12
436,Haljala,EE,2021-11-25 17:49:13,59.4336,26.2614,277.97,96,100,3.87
437,Novi Bilokorovychi,UA,2021-11-25 17:49:13,51.1155,28.0546,274.9,73,6,5.69
438,Curtea,RO,2021-11-25 17:49:13,45.8167,22.3,278.34,72,5,1.95
439,San Policarpo,PH,2021-11-25 17:49:14,12.1791,125.5072,300.61,82,100,2.1
440,Mitsamiouli,KM,2021-11-25 17:49:14,-11.3847,43.2844,300.03,77,54,3.8
441,La Ferte-Bernard,FR,2021-11-25 17:49:15,48.1863,0.6536,282.32,88,98,5.78
442,Ndende,GA,2021-11-25 17:49:15,-2.4008,11.3581,296.97,94,98,1.06
443,Mehriz,IR,2021-11-25 17:49:16,31.5917,54.4318,284.43,37,16,0.9
444,Wanaka,NZ,2021-11-25 17:49:16,-44.7,169.15,284.17,82,100,3.54
445,Egvekinot,RU,2021-11-25 17:49:17,66.3167,-179.1667,245.89,89,85,4.69
446,Saint Cloud,US,2021-11-25 17:48:22,45.5608,-94.1625,266.44,54,1,1.34
447,Si Satchanalai,TH,2021-11-25 17:49:17,17.5169,99.7598,296.25,94,5,1.14
448,Kharsia,IN,2021-11-25 17:49:18,21.9667,83.1167,293.24,58,0,1.23
449,Abu Dhabi,AE,2021-11-25 17:48:29,24.4667,54.3667,299.24,66,0,1.54
450,Nouakchott,MR,2021-11-25 17:49:18,18.0858,-15.9785,305.11,35,100,2.34
451,Berlevag,NO,2021-11-25 17:49:19,70.8578,29.0864,266.04,86,90,5.14
452,Adrar,MR,2021-11-25 17:49:20,20.5022,-10.0711,301.2,25,83,2.46
453,Asau,RO,2021-11-25 17:49:20,46.4333,26.4,273.66,80,1,2.71
454,Burley,US,2021-11-25 17:50:21,42.5357,-113.7928,275.1,74,1,2.06
455,Guerrero Negro,MX,2021-11-25 17:50:21,27.9769,-114.0611,294.96,48,1,0.34
456,Tolga,DZ,2021-11-25 17:50:22,34.7222,5.3785,288.6,47,48,2.9
457,Isla Mujeres,MX,2021-11-25 17:50:22,21.2311,-86.731,300.18,60,51,4.14
458,Muskogee,US,2021-11-25 17:50:23,35.5834,-95.3336,280.91,56,1,8.75
459,Praya,CV,2021-11-25 17:50:24,14.9215,-23.5087,302.45,70,75,2.57
460,Gold Coast,AU,2021-11-25 17:46:17,-28.0,153.4333,296.59,96,75,2.57
461,Nador,MA,2021-11-25 17:50:25,35.174,-2.9287,290.19,71,20,1.54
462,Kiruna,SE,2021-11-25 17:50:25,67.8557,20.2251,258.66,85,90,0.51
463,Goldap,PL,2021-11-25 17:50:26,54.3063,22.3036,275.78,76,48,5.81
464,Tazovskiy,RU,2021-11-25 17:50:27,67.4667,78.7,251.31,99,96,2.87
465,Naze,JP,2021-11-25 17:50:28,28.3667,129.4833,288.58,63,100,2.71
466,Asfi,MA,2021-11-25 17:50:28,32.2994,-9.2372,290.0,62,94,2.62
467,Cairns,AU,2021-11-25 17:48:08,-16.9167,145.7667,299.3,89,90,2.57
468,Puksoozero,RU,2021-11-25 17:50:29,62.5903,40.6066,267.28,94,100,4.46
469,Beloha,MG,2021-11-25 17:50:29,-25.1667,45.05,292.56,65,30,4.54
470,Deputatskiy,RU,2021-11-25 17:50:30,69.3,139.9,241.64,87,85,0.6
471,Salina Cruz,MX,2021-11-25 17:50:30,16.1667,-95.2,304.9,43,0,6.16
472,Puerto Del Rosario,ES,2021-11-25 17:50:31,28.5004,-13.8627,293.01,68,40,4.63
473,Copiapo,CL,2021-11-25 17:50:32,-27.3667,-70.3333,290.98,28,0,4.34
474,Kawalu,ID,2021-11-25 17:50:32,-7.3817,108.2082,295.95,95,98,0.33
475,Palmer,US,2021-11-25 17:49:33,42.1584,-72.3287,285.08,44,89,0.45
476,Goderich,CA,2021-11-25 17:50:11,43.7501,-81.7165,279.93,93,100,2.57
477,Ishimbay,RU,2021-11-25 17:50:33,53.4545,56.0415,267.81,93,100,4.4
478,Geraldton,AU,2021-11-25 17:50:33,-28.7667,114.6,289.38,72,0,2.57
479,Houma,US,2021-11-25 17:50:34,29.5958,-90.7195,298.72,63,1,6.17
480,Narsaq,GL,2021-11-25 17:50:34,60.9167,-46.05,275.26,99,100,2.75
481,Balykshi,KZ,2021-11-25 17:50:35,47.0667,51.8667,270.15,86,75,5.0
482,Montemor-O-Novo,PT,2021-11-25 17:50:35,38.6481,-8.2145,281.82,90,69,1.28
483,Gigmoto,PH,2021-11-25 17:50:36,13.7796,124.39,300.0,86,94,2.05
484,Lakatoro,VU,2021-11-25 17:50:36,-16.0999,167.4164,299.36,78,3,4.97
485,Agadez,NE,2021-11-25 17:50:36,19.75,10.25,300.0,15,1,4.68
486,Gardenstown,GB,2021-11-25 17:50:37,57.671,-2.336,277.08,78,100,7.02
487,Buzmeyin,TM,2021-11-25 17:50:38,38.0507,58.2056,282.0,87,90,1.03
488,Berlin,DE,2021-11-25 17:46:25,52.5244,13.4105,278.35,84,40,5.36
489,Labrea,BR,2021-11-25 17:50:39,-7.2586,-64.7981,303.82,66,100,0.95
490,Manakara,MG,2021-11-25 17:50:40,-22.1333,48.0167,295.48,90,100,5.78
491,Loukhi,RU,2021-11-25 17:50:40,66.0764,33.0381,268.43,93,100,4.74
492,Kindersley,CA,2021-11-25 17:50:41,51.4668,-109.1682,274.03,86,90,4.12
493,Zhanakorgan,KZ,2021-11-25 17:50:41,43.9098,67.2495,272.37,70,83,5.94
494,Fort Myers Beach,US,2021-11-25 17:50:42,26.452,-81.9481,300.2,53,1,1.34
495,Bathsheba,BB,2021-11-25 17:50:42,13.2167,-59.5167,303.49,70,20,3.6
496,Bud,US,2021-11-25 17:50:43,39.447,-86.1758,282.27,93,100,5.75
497,Boa Vista,BR,2021-11-25 17:50:43,2.8197,-60.6733,307.14,46,75,4.63
498,Kamaishi,JP,2021-11-25 17:50:44,39.2667,141.8833,277.83,81,54,4.13
499,Praia Da Vitoria,PT,2021-11-25 17:51:44,38.7333,-27.0667,289.29,88,75,13.05
500,Bannu,PK,2021-11-25 17:51:45,32.9854,70.6027,290.34,23,0,0.97
501,Birao,CF,2021-11-25 17:51:45,10.2849,22.7882,297.92,20,20,2.69
502,Junction City,US,2021-11-25 17:51:46,39.0286,-96.8314,276.82,55,1,0.89
503,Coquimbo,CL,2021-11-25 17:51:46,-29.9533,-71.3436,291.0,72,40,5.14
504,Tatarsk,RU,2021-11-25 17:51:47,55.219,75.9828,254.71,98,47,3.54
505,Xai-Xai,MZ,2021-11-25 17:51:48,-25.0519,33.6442,294.73,69,53,4.18
506,Mildura,AU,2021-11-25 17:47:03,-34.2,142.15,286.13,71,93,5.66
507,Oranjemund,NA,2021-11-25 17:51:48,-28.55,16.4333,291.11,83,63,2.93
508,Duldurga,RU,2021-11-25 17:51:49,50.6761,113.5931,258.37,94,43,1.14
509,Guaratinga,BR,2021-11-25 17:51:49,-16.5667,-39.5667,299.52,44,57,4.64
510,Shubarkuduk,KZ,2021-11-25 17:51:50,49.1447,56.4872,267.12,71,100,7.28
511,Grand-Lahou,CI,2021-11-25 17:51:50,5.1367,-5.0242,300.87,79,49,4.17
512,Shingu,JP,2021-11-25 17:51:51,33.7333,135.9833,284.43,71,0,2.97
513,Thompson,CA,2021-11-25 17:50:11,55.7435,-97.8558,247.24,76,20,1.03
514,Ladysmith,CA,2021-11-25 17:51:51,48.9829,-123.8194,280.75,98,90,0.89
515,Dombarovskiy,RU,2021-11-25 17:51:52,50.7587,59.5386,266.01,83,100,9.07
516,Nowy Dwor Gdanski,PL,2021-11-25 17:51:52,54.2131,19.1177,277.15,73,86,5.52
517,Broken Hill,AU,2021-11-25 17:51:53,-31.95,141.4333,288.99,77,90,9.77
518,Kuytun,RU,2021-11-25 17:51:53,54.3419,101.5036,266.55,89,100,2.83
519,Chapais,CA,2021-11-25 17:51:54,49.7834,-74.8492,271.03,100,100,0.94
520,Willowmore,ZA,2021-11-25 17:51:54,-33.2926,23.4895,286.71,71,68,12.23
521,Inhambane,MZ,2021-11-25 17:51:55,-23.865,35.3833,297.14,60,40,3.13
522,Suoyarvi,RU,2021-11-25 17:51:55,62.0833,32.35,275.25,91,100,4.64
523,Zhigansk,RU,2021-11-25 17:51:56,66.7697,123.3711,250.31,86,100,5.15
524,Shymkent,KZ,2021-11-25 17:51:56,42.3,69.6,277.48,100,90,3.0
525,Vidim,RU,2021-11-25 17:51:57,56.4088,103.1106,266.16,96,100,1.78
526,Leshukonskoye,RU,2021-11-25 17:51:57,64.8989,45.7622,259.7,98,78,1.5
527,Saquena,PE,2021-11-25 17:51:58,-4.6667,-73.5167,298.0,89,100,1.03
528,Barra Patuca,HN,2021-11-25 17:51:58,15.8,-84.2833,300.53,71,85,4.35
529,Manggar,ID,2021-11-25 17:51:59,-2.8833,108.2667,299.16,85,68,2.26
530,Kiyevskoye,RU,2021-11-25 17:51:59,45.0383,37.8883,274.32,78,0,2.29
531,Trairi,BR,2021-11-25 17:48:17,-3.2778,-39.2689,303.92,54,99,6.8
532,Shushtar,IR,2021-11-25 17:52:00,32.0455,48.8567,292.63,51,98,2.22
533,Port-Cartier,CA,2021-11-25 17:52:00,50.0334,-66.8654,277.27,67,60,1.5
534,Hovd,MN,2021-11-25 17:52:01,48.0056,91.6419,272.46,44,100,4.12
535,Lasa,IT,2021-11-25 17:52:01,46.6166,10.7002,278.85,96,98,0.96
536,Maraba,BR,2021-11-25 17:52:02,-5.3686,-49.1178,306.25,66,40,2.06
537,Padang,ID,2021-11-25 17:52:02,-0.9492,100.3543,298.18,78,98,1.59
538,Fallon,US,2021-11-25 17:52:03,39.4735,-118.7774,278.1,53,1,0.0
539,Antofagasta,CL,2021-11-25 17:52:03,-23.65,-70.4,293.83,55,44,4.05
540,Techiman,GH,2021-11-25 17:53:04,7.5862,-1.9414,300.84,42,14,0.97
541,Lilongwe,MW,2021-11-25 17:53:04,-13.9669,33.7873,293.26,94,75,8.23
542,Aldan,RU,2021-11-25 17:53:05,58.6031,125.3894,252.89,93,75,1.7
543,Alta,NO,2021-11-25 17:53:05,69.9689,23.2717,261.74,73,0,2.57
544,Terra Santa,BR,2021-11-25 17:53:06,-2.1042,-56.4869,308.41,38,50,1.9
545,Bombay,IN,2021-11-25 17:51:10,19.0144,72.8479,302.14,61,66,2.06
546,Cabedelo,BR,2021-11-25 17:53:06,-6.9811,-34.8339,305.52,65,58,5.32
547,Vilkija,LT,2021-11-25 17:53:07,55.05,23.5833,277.11,81,59,5.44
548,Mugur-Aksy,RU,2021-11-25 17:53:07,50.35,90.5,262.91,92,83,4.5
549,Palora,EC,2021-11-25 17:53:07,-1.7,-77.9333,300.14,94,100,0.2
550,Changtu,CN,2021-11-25 17:53:08,42.7788,124.0955,264.19,90,7,0.74
551,Mpongwe,ZM,2021-11-25 17:53:08,-13.5091,28.155,291.88,94,100,1.32
552,Nioki,CD,2021-11-25 17:53:09,-2.7167,17.6833,295.83,95,93,1.06
553,Kapit,MY,2021-11-25 17:53:09,2.0167,112.9333,296.32,99,97,0.44
554,Sioux Lookout,CA,2021-11-25 17:53:10,50.1001,-91.917,259.36,72,40,5.14
555,San Fernando,PH,2021-11-25 17:53:03,15.0286,120.6898,300.2,85,99,1.59
556,Karagay,RU,2021-11-25 17:53:10,58.2667,54.9368,262.31,98,91,1.66
557,Colac,AU,2021-11-25 17:53:11,-38.3333,143.5833,284.5,80,88,4.66
558,Bilma,NE,2021-11-25 17:53:11,18.6853,12.9164,300.73,15,0,3.26
559,Aykhal,RU,2021-11-25 17:53:12,66.0,111.5,247.73,100,100,3.17
560,Makat,KZ,2021-11-25 17:53:12,47.6469,53.3463,271.64,68,6,5.6
561,Umm Kaddadah,SD,2021-11-25 17:53:13,13.6017,26.6876,295.88,13,6,5.52
562,Lyuban,BY,2021-11-25 17:53:13,52.7985,28.0048,274.96,80,9,5.78
563,Husavik,IS,2021-11-25 17:53:14,66.0449,-17.3389,272.1,78,98,10.93
564,Pingliang,CN,2021-11-25 17:53:14,35.5392,106.6861,276.24,32,10,1.92
565,Nizwa,OM,2021-11-25 17:53:15,22.9333,57.5333,298.26,41,0,2.13
566,Pacific Grove,US,2021-11-25 17:53:15,36.6177,-121.9166,293.04,45,1,0.89
567,Tim,RU,2021-11-25 17:53:16,51.6222,37.1244,274.77,84,97,4.91
568,Bossangoa,CF,2021-11-25 17:53:16,6.4926,17.4552,298.93,34,11,0.64
569,Cocobeach,GA,2021-11-25 17:53:17,1.0002,9.5823,301.11,81,39,3.2
570,Buenos Aires,AR,2021-11-25 17:51:49,-34.6132,-58.3772,292.09,88,90,5.14
571,Poum,NC,2021-11-25 17:53:18,-20.2333,164.0167,297.72,77,9,2.38
572,Comodoro Rivadavia,AR,2021-11-25 17:53:19,-45.8667,-67.5,296.07,27,40,6.17
573,Capitan Bado,PY,2021-11-25 17:53:19,-23.2667,-55.5333,303.74,56,87,2.71
574,Bairiki,KI,2021-11-25 17:53:20,1.3292,172.9752,300.15,78,40,6.69
575,Kazanskaya,RU,2021-11-25 17:53:20,45.4106,40.4361,273.41,80,0,3.21
576,Turukhansk,RU,2021-11-25 17:53:20,65.8167,87.9833,257.74,95,100,3.83
577,Sept-Iles,CA,2021-11-25 17:52:02,50.2001,-66.3821,277.44,77,90,0.45
578,Nemuro,JP,2021-11-25 17:53:21,43.3236,145.575,275.51,66,28,5.65
579,Rawlins,US,2021-11-25 17:53:21,41.7911,-107.2387,275.27,31,17,13.19
580,Faanui,PF,2021-11-25 17:53:22,-16.4833,-151.75,300.96,75,13,7.85
581,Samana,DO,2021-11-25 17:53:22,19.2056,-69.3369,302.13,89,75,3.09
582,Barcelos,PT,2021-11-25 17:53:23,41.5388,-8.6151,285.33,72,42,3.22
583,Ames,US,2021-11-25 17:53:23,42.0347,-93.6199,269.88,67,1,3.58
584,Anahuac,MX,2021-11-25 17:53:24,27.2333,-100.15,295.43,67,84,10.51
585,Monki,PL,2021-11-25 17:53:24,53.405,22.7979,272.97,75,30,5.0
586,Pyay,MM,2021-11-25 17:53:25,18.8167,95.2167,295.59,91,0,1.34
587,Zabid,YE,2021-11-25 17:53:25,14.1951,43.3152,301.24,59,12,3.41
588,Vao,NC,2021-11-25 17:54:25,-22.6667,167.4833,296.76,84,96,7.83
589,Ankang,CN,2021-11-25 17:54:26,32.68,109.0172,282.09,77,1,0.16
590,Mayo,US,2021-11-25 17:54:26,38.8876,-76.5119,287.25,50,100,4.92
591,Mahon,ES,2021-11-25 17:51:41,39.8885,4.2658,282.46,81,20,2.57
