City_ID,City,Lat,Lng,Max_Temp,Humidity,Cloudiness,Wind Speed,Current_Description,Country,Date
0,Bontang,0.1333,117.5,76.56800000000004,90,100,4.22,moderate rain,ID,2021-11-28 17:12:16
1,Bluff,-46.6,168.3333,51.72800000000001,75,78,7.48,broken clouds,NZ,2021-11-28 17:12:16
2,Riberalta,-10.9833,-66.1,91.25600000000003,48,100,3.58,heavy intensity rain,BO,2021-11-28 17:12:16
3,Longyearbyen,78.2186,15.6401,8.437999999999988,66,40,7.2,scattered clouds,SJ,2021-11-28 17:12:17
4,Esperance,-33.8667,121.9,72.75200000000001,42,100,5.77,overcast clouds,AU,2021-11-28 17:12:17
5,Yellowknife,62.456,-114.3525,12.739999999999952,94,100,6.13,light snow,CA,2021-11-28 17:12:18
6,New Norfolk,-42.7826,147.0587,49.49599999999998,98,16,1.21,few clouds,AU,2021-11-28 17:12:18
7,Paro,27.4305,89.4133,45.823999999999955,90,95,0.27,overcast clouds,BT,2021-11-28 17:12:19
8,Hobart,-42.8794,147.3294,49.855999999999995,93,15,3.09,few clouds,AU,2021-11-28 17:08:18
9,Port Macquarie,-31.4333,152.9167,60.76399999999995,91,92,3.24,overcast clouds,AU,2021-11-28 17:12:20
10,Puerto Ayora,-0.7393,-90.3518,76.964,77,95,4.34,overcast clouds,EC,2021-11-28 17:12:20
11,Cabra,37.4725,-4.4421,47.49799999999999,48,0,2.02,clear sky,ES,2021-11-28 17:12:21
12,Qaanaaq,77.484,-69.3632,-7.3659999999999854,85,39,3.37,scattered clouds,GL,2021-11-28 17:12:21
13,Port Blair,11.6667,92.75,80.85200000000003,76,89,3.66,overcast clouds,IN,2021-11-28 17:12:22
14,Busselton,-33.65,115.3333,59.071999999999946,94,75,3.64,broken clouds,AU,2021-11-28 17:12:22
15,George Town,5.4112,100.3354,78.72800000000001,89,20,0.0,moderate rain,MY,2021-11-28 17:10:08
16,Ribeira Grande,38.5167,-28.7,64.79599999999999,59,20,4.12,few clouds,PT,2021-11-28 17:12:22
17,Sept-Iles,50.2001,-66.3821,33.36800000000005,65,100,7.57,overcast clouds,CA,2021-11-28 17:10:01
18,Rikitea,-23.1203,-134.9692,76.38799999999998,71,7,7.52,clear sky,PF,2021-11-28 17:08:28
19,Norman Wells,65.282,-126.8329,-16.041999999999973,96,100,2.25,overcast clouds,CA,2021-11-28 17:12:23
20,Ushuaia,-54.8,-68.3,51.45799999999997,46,20,9.26,light rain,AR,2021-11-28 17:11:48
21,Saldanha,-33.0117,17.9442,69.85399999999998,82,51,3.16,broken clouds,ZA,2021-11-28 17:12:24
22,Kaitangata,-46.2817,169.8464,44.420000000000016,79,89,2.94,overcast clouds,NZ,2021-11-28 17:12:24
23,Killybegs,54.6333,-8.45,42.512,80,89,3.65,overcast clouds,IE,2021-11-28 17:12:25
24,Haines Junction,60.7522,-137.5108,-22.053999999999974,76,100,0.51,overcast clouds,CA,2021-11-28 17:12:25
25,Imeni Poliny Osipenko,52.4201,136.4853,14.594000000000051,96,100,1.48,light snow,RU,2021-11-28 17:12:25
26,Ballina,-28.8667,153.5667,66.38000000000005,86,86,3.89,overcast clouds,AU,2021-11-28 17:12:26
27,Arraial Do Cabo,-22.9661,-42.0278,80.45599999999996,65,40,3.09,scattered clouds,BR,2021-11-28 17:12:26
28,Nanortalik,60.1432,-45.2371,41.12600000000003,93,100,7.07,moderate rain,GL,2021-11-28 17:12:27
29,Marsh Harbour,26.5412,-77.0636,72.464,59,79,1.07,broken clouds,BS,2021-11-28 17:12:27
30,Isangel,-19.55,169.2667,77.44999999999999,85,100,3.02,moderate rain,VU,2021-11-28 17:12:27
31,Strezhevoy,60.7333,77.5889,13.981999999999971,98,99,0.21,overcast clouds,RU,2021-11-28 17:12:28
32,Tasiilaq,65.6145,-37.6368,26.762,98,98,0.2,overcast clouds,GL,2021-11-28 17:12:28
33,Bogo,11.0517,124.0055,78.656,86,84,2.72,broken clouds,PH,2021-11-28 17:12:29
34,Klaksvik,62.2266,-6.589,36.51800000000003,82,100,4.54,overcast clouds,FO,2021-11-28 17:12:29
35,Jacareacanga,-6.2222,-57.7528,94.56800000000004,42,91,2.27,overcast clouds,BR,2021-11-28 17:12:29
36,Taoudenni,22.6783,-3.9836,75.97399999999999,16,23,3.92,few clouds,ML,2021-11-28 17:12:30
37,Constantine,36.365,6.6147,41.233999999999924,77,83,4.29,broken clouds,DZ,2021-11-28 17:12:30
38,Sitka,57.0531,-135.33,35.49199999999996,75,90,4.12,light snow,US,2021-11-28 17:09:03
39,Mount Isa,-20.7333,139.5,76.76600000000002,31,0,5.66,clear sky,AU,2021-11-28 17:12:31
40,Cape Town,-33.9258,18.4232,66.73999999999995,72,29,2.18,scattered clouds,ZA,2021-11-28 17:08:39
41,Butaritari,3.0707,172.7902,80.85200000000003,79,72,5.75,light rain,KI,2021-11-28 17:12:31
42,Semirom,31.4167,51.5667,43.97000000000003,42,100,1.26,overcast clouds,IR,2021-11-28 17:12:32
43,Ilulissat,69.2167,-51.1,12.218000000000018,62,100,1.03,overcast clouds,GL,2021-11-28 17:12:32
44,Makat,47.6469,53.3463,31.406000000000006,71,96,3.9,overcast clouds,KZ,2021-11-28 17:12:33
45,Tuktoyaktuk,69.4541,-133.0374,-5.6200000000000045,94,100,6.8,light snow,CA,2021-11-28 17:12:33
46,Ponta Do Sol,32.6667,-17.1,65.03000000000003,73,42,3.86,scattered clouds,PT,2021-11-28 17:12:33
47,Mar Del Plata,-38.0023,-57.5575,64.00399999999996,92,100,5.91,light rain,AR,2021-11-28 17:13:34
48,Hermanus,-34.4187,19.2345,64.76000000000005,82,64,5.32,broken clouds,ZA,2021-11-28 17:13:34
49,Itapaci,-14.9508,-49.5494,86.32400000000001,57,30,4.15,scattered clouds,BR,2021-11-28 17:13:35
50,Thompson,55.7435,-97.8558,4.387999999999977,82,67,2.33,broken clouds,CA,2021-11-28 17:13:35
51,Mataura,-46.1927,168.8643,39.21800000000002,98,76,0.64,broken clouds,NZ,2021-11-28 17:13:35
52,Port Alfred,-33.5906,26.891,67.31599999999997,79,27,2.05,scattered clouds,ZA,2021-11-28 17:13:36
53,Padang,-0.9492,100.3543,77.95400000000001,83,87,0.67,overcast clouds,ID,2021-11-28 17:13:36
54,Berlevag,70.8578,29.0864,12.199999999999932,87,39,7.11,scattered clouds,NO,2021-11-28 17:13:37
55,Albany,42.6001,-73.9662,32.64799999999997,75,100,2.24,overcast clouds,US,2021-11-28 17:09:34
56,Clyde River,70.4692,-68.5914,-1.9660000000000082,84,100,5.14,overcast clouds,CA,2021-11-28 17:13:37
57,Dikson,73.5069,80.5464,-15.340000000000032,100,100,5.43,overcast clouds,RU,2021-11-28 17:13:38
58,Ambanja,-13.6833,48.45,76.94599999999997,89,100,0.54,moderate rain,MG,2021-11-28 17:13:38
59,Airai,-8.9266,125.4092,62.113999999999976,91,99,0.33,overcast clouds,TL,2021-11-28 17:13:39
60,Sambava,-14.2667,50.1667,77.12600000000003,84,77,2.99,moderate rain,MG,2021-11-28 17:13:39
61,Los Llanos De Aridane,28.6585,-17.9182,62.34800000000001,77,75,8.23,broken clouds,ES,2021-11-28 17:13:39
62,Punta Arenas,-53.15,-70.9167,55.50799999999998,50,40,15.43,scattered clouds,CL,2021-11-28 17:13:40
63,Te Anau,-45.4167,167.7167,41.18000000000001,86,63,0.37,broken clouds,NZ,2021-11-28 17:13:40
64,Vaini,-21.2,-175.2,75.36200000000002,83,20,3.6,few clouds,TO,2021-11-28 17:13:40
65,Kahului,20.8947,-156.47,70.86200000000002,88,20,3.09,few clouds,US,2021-11-28 17:13:41
66,Watsa,3.0372,29.5355,65.38999999999993,96,91,1.55,moderate rain,CD,2021-11-28 17:13:41
67,Portland,45.5234,-122.6762,58.98200000000003,91,75,1.54,broken clouds,US,2021-11-28 17:12:35
68,Leningradskiy,69.3833,178.4167,-21.226,93,38,4.98,scattered clouds,RU,2021-11-28 17:13:42
69,Tiksi,71.6872,128.8694,-12.334000000000003,98,100,2.87,overcast clouds,RU,2021-11-28 17:13:43
70,Meiganga,6.5167,14.3,76.06400000000002,25,99,1.31,overcast clouds,CM,2021-11-28 17:13:43
71,Narsaq,60.9167,-46.05,37.615999999999985,99,100,2.11,moderate rain,GL,2021-11-28 17:13:43
72,Nuuk,64.1835,-51.7216,38.012,93,90,2.06,fog,GL,2021-11-28 17:13:44
73,Plouzane,48.3833,-4.6167,43.12399999999997,93,75,1.03,broken clouds,FR,2021-11-28 17:13:44
74,Lebu,-37.6167,-73.65,57.991999999999905,62,0,8.3,clear sky,CL,2021-11-28 17:13:45
75,Saint Augustine,29.8947,-81.3145,64.39999999999992,36,1,3.09,clear sky,US,2021-11-28 17:09:07
76,San Cristobal,7.7669,-72.225,80.78000000000003,51,51,2.51,broken clouds,VE,2021-11-28 17:13:45
77,Floro,61.5996,5.0328,28.363999999999976,74,13,4.63,few clouds,NO,2021-11-28 17:13:46
78,Uyuni,-20.4597,-66.825,68.25200000000001,20,63,4.57,broken clouds,BO,2021-11-28 17:13:46
79,Bredasdorp,-34.5322,20.0403,67.53199999999998,69,67,6.62,broken clouds,ZA,2021-11-28 17:13:47
80,Borogontsy,62.6683,131.1683,-6.825999999999965,99,100,1.94,overcast clouds,RU,2021-11-28 17:13:47
81,Port Lincoln,-34.7333,135.8667,58.74799999999999,78,0,3.57,clear sky,AU,2021-11-28 17:13:48
82,Outram,1.2829,103.8379,82.32800000000003,74,75,1.03,broken clouds,MY,2021-11-28 17:13:48
83,Mago,53.2514,140.1822,20.353999999999985,96,100,1.14,light snow,RU,2021-11-28 17:13:48
84,Rio Grande,-32.035,-52.0986,77.108,81,100,4.39,overcast clouds,BR,2021-11-28 17:13:49
85,Barrow,71.2906,-156.7887,-9.382000000000005,64,90,5.66,haze,US,2021-11-28 17:13:49
86,Saint-Augustin,51.226,-58.6502,35.563999999999965,85,100,11.31,overcast clouds,CA,2021-11-28 17:13:50
87,Lasa,46.6166,10.7002,30.110000000000014,94,100,3.15,overcast clouds,IT,2021-11-28 17:13:50
88,Bethel,41.3712,-73.414,36.176000000000045,75,90,1.54,overcast clouds,US,2021-11-28 17:09:45
89,Taksimo,56.3444,114.8794,-7.420000000000016,96,94,0.64,overcast clouds,RU,2021-11-28 17:13:51
90,Hofn,64.2539,-15.2082,30.776000000000067,96,100,2.44,snow,IS,2021-11-28 17:13:51
91,Provideniya,64.3833,-173.3,-5.494000000000028,76,7,2.11,clear sky,RU,2021-11-28 17:13:51
92,Sao Felix Do Xingu,-6.6447,-51.995,90.71599999999995,49,55,1.4,broken clouds,BR,2021-11-28 17:14:52
93,Severo-Kurilsk,50.6789,156.125,33.13399999999996,69,95,9.22,overcast clouds,RU,2021-11-28 17:14:52
94,Oranjemund,-28.55,16.4333,66.07400000000001,77,24,5.14,few clouds,NA,2021-11-28 17:14:53
95,Manaure,11.7751,-72.4445,87.18800000000005,57,100,5.8,overcast clouds,CO,2021-11-28 17:14:53
96,Hamina,60.5697,27.1979,18.680000000000007,76,100,5.49,overcast clouds,FI,2021-11-28 17:14:53
97,Atuona,-9.8,-139.0333,78.2419999999999,72,1,8.59,clear sky,PF,2021-11-28 17:14:54
98,Kapaa,22.0752,-159.319,66.52399999999994,88,20,2.57,few clouds,US,2021-11-28 17:14:54
99,Nago,26.5881,127.9761,71.67199999999997,70,100,9.15,overcast clouds,JP,2021-11-28 17:14:55
100,Vila Franca Do Campo,37.7167,-25.4333,63.01399999999995,66,78,1.79,broken clouds,PT,2021-11-28 17:14:55
101,Roald,62.5833,6.1333,26.744000000000028,68,20,4.63,few clouds,NO,2021-11-28 17:14:56
102,Kavieng,-2.5744,150.7967,81.69800000000004,77,74,2.88,light rain,PG,2021-11-28 17:14:56
103,Upernavik,72.7868,-56.1549,-7.978000000000009,72,1,4.01,clear sky,GL,2021-11-28 17:14:56
104,Sao Miguel Do Araguaia,-13.275,-50.1628,85.29799999999994,68,39,3.1,scattered clouds,BR,2021-11-28 17:14:57
105,Port Elizabeth,-33.918,25.5701,66.488,77,0,11.83,clear sky,ZA,2021-11-28 17:14:57
106,Iqaluit,63.7506,-68.5145,24.529999999999973,63,90,4.12,overcast clouds,CA,2021-11-28 17:14:58
107,Takoradi,4.8845,-1.7554,82.68800000000005,73,40,3.96,scattered clouds,GH,2021-11-28 17:14:58
108,Port Shepstone,-30.7414,30.455,72.08600000000007,89,11,2.6,few clouds,ZA,2021-11-28 17:14:59
109,Cherskiy,68.75,161.3,-6.951999999999998,99,100,1.66,overcast clouds,RU,2021-11-28 17:14:59
110,Kruisfontein,-34.0033,24.7314,65.03000000000003,77,5,9.87,clear sky,ZA,2021-11-28 17:15:00
111,Jamestown,42.097,-79.2353,36.71599999999995,93,90,8.23,light rain,US,2021-11-28 17:11:38
112,Ostrovnoy,68.0531,39.5131,9.589999999999975,90,99,2.28,overcast clouds,RU,2021-11-28 17:15:00
113,Naze,28.3667,129.4833,63.73399999999998,62,99,7.02,overcast clouds,JP,2021-11-28 17:15:01
114,Kirakira,-10.4544,161.9205,79.41199999999998,83,38,1.63,scattered clouds,SB,2021-11-28 17:15:01
115,Cayenne,4.9333,-52.3333,87.83600000000007,66,75,5.66,broken clouds,GF,2021-11-28 17:15:01
116,Canutama,-6.5339,-64.3831,85.76600000000002,67,100,1.3,overcast clouds,BR,2021-11-28 17:15:02
117,Le Port,-20.9373,55.2919,76.99999999999994,82,87,1.35,overcast clouds,RE,2021-11-28 17:15:02
118,Jinchang,38.4953,102.1739,26.99599999999998,51,100,4.64,overcast clouds,CN,2021-11-28 17:15:03
119,Sao Luiz Gonzaga,-28.4083,-54.9608,71.02399999999994,84,100,2.91,moderate rain,BR,2021-11-28 17:15:03
120,Rio Cuarto,-33.1307,-64.3499,74.96599999999995,41,75,9.26,broken clouds,AR,2021-11-28 17:10:16
121,Pemba,-12.974,40.5178,79.50200000000001,78,20,4.63,few clouds,MZ,2021-11-28 17:15:04
122,Tiarei,-17.5333,-149.3333,78.81800000000004,78,63,7.19,light rain,PF,2021-11-28 17:15:04
123,Groa,62.65,8.7167,23.089999999999975,78,8,4.65,clear sky,NO,2021-11-28 17:15:04
124,Matara,5.9485,80.5353,76.65799999999996,91,96,2.58,overcast clouds,LK,2021-11-28 17:15:05
125,Gurupi,-11.7292,-49.0686,88.10599999999994,56,72,3.92,broken clouds,BR,2021-11-28 17:15:05
126,Russkaya Polyana,49.417,31.9201,46.68799999999999,92,93,4.63,overcast clouds,UA,2021-11-28 17:15:06
127,Saint-Philippe,-21.3585,55.7679,76.58600000000007,85,67,1.78,light rain,RE,2021-11-28 17:15:06
128,Anadyr,64.75,177.4833,1.9039999999999964,78,90,2.0,light snow,RU,2021-11-28 17:15:07
129,Wasilla,61.5814,-149.4394,-2.7760000000000105,76,1,0.0,clear sky,US,2021-11-28 17:11:24
130,Bengkulu,-3.8004,102.2655,76.49600000000004,86,83,1.77,broken clouds,ID,2021-11-28 17:15:07
131,Barmer,25.75,71.3833,73.07600000000008,26,4,1.93,clear sky,IN,2021-11-28 17:15:08
132,Kachiry,53.0675,76.1036,11.930000000000007,88,94,2.97,overcast clouds,KZ,2021-11-28 17:15:08
133,Tutoia,-2.7619,-42.2744,91.382,63,66,5.86,broken clouds,BR,2021-11-28 17:15:09
134,Dudinka,69.4058,86.1778,-17.248000000000047,100,98,0.08,overcast clouds,RU,2021-11-28 17:15:09
135,Husavik,66.0449,-17.3389,26.510000000000048,92,100,4.13,light snow,IS,2021-11-28 17:15:10
136,Lavrentiya,65.5833,-171.0,-10.533999999999992,94,5,2.59,clear sky,RU,2021-11-28 17:15:10
137,Petropavlovsk-Kamchatskiy,53.0452,158.6483,9.194000000000017,56,0,4.0,clear sky,RU,2021-11-28 17:15:10
138,Kropotkin,45.4375,40.5756,54.93199999999996,72,100,1.44,moderate rain,RU,2021-11-28 17:16:11
139,Primorsko,42.2667,27.7667,55.867999999999995,70,82,6.17,broken clouds,BG,2021-11-28 17:16:11
140,Chuy,-33.6971,-53.4616,70.96999999999997,87,100,2.9,moderate rain,UY,2021-11-28 17:16:12
141,Coahuayana,18.7333,-103.6833,89.07800000000003,41,0,0.84,clear sky,MX,2021-11-28 17:16:12
142,Pierre,44.3683,-100.351,32.91800000000006,86,1,3.09,clear sky,US,2021-11-28 17:16:12
143,Srednekolymsk,67.45,153.6833,-37.210000000000036,99,99,2.9,overcast clouds,RU,2021-11-28 17:16:13
144,Lompoc,34.6391,-120.4579,63.31999999999999,28,1,2.57,clear sky,US,2021-11-28 17:16:13
145,Poum,-20.2333,164.0167,79.37600000000003,78,77,2.97,broken clouds,NC,2021-11-28 17:16:14
146,Yuli,9.6989,10.2744,85.17199999999997,14,24,2.45,few clouds,NG,2021-11-28 17:16:14
147,Ambilobe,-13.2,49.05,76.69400000000002,85,100,1.78,light rain,MG,2021-11-28 17:16:15
148,Shiyan,32.6475,110.7781,47.85799999999995,65,9,1.24,clear sky,CN,2021-11-28 17:13:03
149,Manta,-0.95,-80.7333,82.18399999999991,69,75,2.57,broken clouds,EC,2021-11-28 17:16:15
150,Lorengau,-2.0226,147.2712,80.78000000000003,79,84,0.93,broken clouds,PG,2021-11-28 17:16:16
151,Nouadhibou,20.931,-17.0347,75.18199999999996,43,10,8.75,sand,MR,2021-11-28 17:16:16
152,Klatovy,49.3955,13.2951,31.262,93,99,1.8,overcast clouds,CZ,2021-11-28 17:16:17
153,Zhanaozen,43.3,52.8,41.30599999999998,38,57,4.11,broken clouds,KZ,2021-11-28 17:16:17
154,Sjenica,43.2731,19.9994,43.339999999999975,79,84,7.54,broken clouds,RS,2021-11-28 17:16:18
155,Codrington,-38.2667,141.9667,46.652000000000044,93,21,3.4,few clouds,AU,2021-11-28 17:16:18
156,Vila Velha,-20.3297,-40.2925,84.14600000000002,70,20,6.17,few clouds,BR,2021-11-28 17:16:18
157,Omboue,-1.5746,9.2618,78.69199999999995,86,87,3.68,light rain,GA,2021-11-28 17:16:19
158,High Level,58.5169,-117.136,8.70799999999997,92,75,1.03,broken clouds,CA,2021-11-28 17:16:19
159,Calabozo,8.9242,-67.4293,90.30200000000008,48,57,3.28,broken clouds,VE,2021-11-28 17:16:19
160,Baykit,61.67,96.37,11.336000000000013,96,100,1.11,light snow,RU,2021-11-28 17:16:20
161,Mount Gambier,-37.8333,140.7667,48.110000000000014,93,40,0.0,fog,AU,2021-11-28 17:16:20
162,Nikolskoye,59.7035,30.7861,26.491999999999962,97,96,0.93,overcast clouds,RU,2021-11-28 17:16:21
163,College,64.8569,-147.8028,-18.74200000000002,69,75,1.54,light snow,US,2021-11-28 17:16:21
164,Mgandu,-5.95,34.1333,74.83999999999997,36,77,3.9,broken clouds,TZ,2021-11-28 17:16:21
165,Zhigansk,66.7697,123.3711,-5.458000000000027,98,99,3.56,overcast clouds,RU,2021-11-28 17:16:22
166,Castro,-24.7911,-50.0119,82.72399999999999,39,78,3.35,broken clouds,BR,2021-11-28 17:16:22
167,Bonthe,7.5264,-12.505,82.79599999999999,72,52,3.2,light rain,SL,2021-11-28 17:16:23
168,Yeppoon,-23.1333,150.7333,74.98399999999998,84,6,4.36,clear sky,AU,2021-11-28 17:16:23
169,Avarua,-21.2078,-159.775,69.85399999999998,94,22,1.03,few clouds,CK,2021-11-28 17:13:59
170,Kaeo,-35.1,173.7833,58.01000000000005,92,100,0.94,overcast clouds,NZ,2021-11-28 17:16:24
171,Berbera,10.4396,45.0143,82.61599999999993,55,3,3.38,clear sky,SO,2021-11-28 17:16:25
172,Ewo,-0.8725,14.8206,79.358,71,98,0.92,overcast clouds,CG,2021-11-28 17:16:25
173,Taunggyi,20.7833,97.0333,58.55000000000001,81,79,0.42,broken clouds,MM,2021-11-28 17:16:25
174,Vao,-22.6667,167.4833,75.57800000000003,88,56,8.66,broken clouds,NC,2021-11-28 17:16:26
175,Wagga Wagga,-35.1167,147.3667,55.81400000000002,82,40,3.09,scattered clouds,AU,2021-11-28 17:16:26
176,Ulaangom,49.9811,92.0667,10.54400000000004,77,53,1.69,broken clouds,MN,2021-11-28 17:16:26
177,Guarapari,-20.6667,-40.4975,84.09199999999993,71,6,1.91,clear sky,BR,2021-11-28 17:16:27
178,Cidreira,-30.1811,-50.2056,76.22600000000006,74,100,2.96,overcast clouds,BR,2021-11-28 17:16:27
179,Kaseda,31.4167,130.3167,52.627999999999986,72,4,3.85,clear sky,JP,2021-11-28 17:16:28
180,Luanda,-8.8368,13.2343,82.39999999999992,74,20,3.6,few clouds,AO,2021-11-28 17:16:28
181,Altamira,-3.2033,-52.2064,91.48999999999995,62,75,2.57,broken clouds,BR,2021-11-28 17:16:29
182,Turochak,52.2576,87.1224,19.687999999999988,97,100,0.57,overcast clouds,RU,2021-11-28 17:16:29
183,Mogadishu,2.0371,45.3438,81.30200000000008,75,11,4.34,few clouds,SO,2021-11-28 17:16:29
184,Dwarka,22.2394,68.9678,78.83600000000007,63,34,4.17,scattered clouds,IN,2021-11-28 17:16:30
185,Wanaka,-44.7,169.15,48.77600000000007,81,9,2.0,clear sky,NZ,2021-11-28 17:15:20
186,Lumby,50.2498,-118.969,39.79400000000004,93,100,3.6,overcast clouds,CA,2021-11-28 17:15:19
187,Gold Coast,-28.0,153.4333,66.27199999999999,88,90,4.63,overcast clouds,AU,2021-11-28 17:17:32
188,Aklavik,68.2191,-135.0107,-13.97199999999998,70,40,6.17,scattered clouds,CA,2021-11-28 17:17:33
189,Hithadhoo,-0.6,73.0833,81.86000000000007,74,88,7.03,overcast clouds,MV,2021-11-28 17:17:33
190,Saint George,37.1041,-113.5841,59.46800000000002,33,1,0.0,clear sky,US,2021-11-28 17:13:15
191,Carnarvon,-24.8667,113.6333,77.07199999999995,65,3,6.69,clear sky,AU,2021-11-28 17:17:34
192,Torbay,47.6666,-52.7314,50.773999999999944,66,20,9.77,few clouds,CA,2021-11-28 17:15:19
193,Balkhash,46.844,74.9804,23.791999999999973,51,5,6.07,clear sky,KZ,2021-11-28 17:17:35
194,Mackay,-21.15,149.2,78.06200000000007,82,50,3.02,moderate rain,AU,2021-11-28 17:15:18
195,Batagay-Alyta,67.8006,130.4114,-17.625999999999976,91,100,1.95,overcast clouds,RU,2021-11-28 17:17:35
196,Chokurdakh,70.6333,147.9167,-39.69400000000002,100,98,0.83,overcast clouds,RU,2021-11-28 17:17:36
197,Douentza,14.9951,-2.9517,92.53399999999993,10,84,2.22,broken clouds,ML,2021-11-28 17:17:36
198,Igarka,67.4667,86.5833,-6.915999999999997,100,96,1.98,overcast clouds,RU,2021-11-28 17:17:36
199,Harper,4.375,-7.7169,81.49999999999994,76,51,2.58,light rain,LR,2021-11-28 17:17:37
200,Katsuura,35.1333,140.3,48.307999999999936,56,3,2.39,clear sky,JP,2021-11-28 17:17:37
201,Faya,18.3851,42.4509,66.30799999999994,36,0,3.76,clear sky,SA,2021-11-28 17:17:38
202,Palmares Do Sul,-30.2578,-50.5097,80.16800000000006,63,100,1.67,overcast clouds,BR,2021-11-28 17:17:38
203,Hailar,49.2,119.7,7.718000000000018,99,88,2.37,overcast clouds,CN,2021-11-28 17:17:39
204,Svetlyy,54.675,20.1347,35.653999999999996,91,100,2.87,overcast clouds,RU,2021-11-28 17:17:39
205,Mahebourg,-20.4081,57.7,77.28799999999995,78,40,1.54,scattered clouds,MU,2021-11-28 17:17:40
206,Khatanga,71.9667,102.5,-8.536000000000001,97,100,4.76,overcast clouds,RU,2021-11-28 17:17:40
207,Hilo,19.7297,-155.09,69.53000000000003,83,20,2.57,few clouds,US,2021-11-28 17:17:41
208,Goderich,43.7501,-81.7165,32.323999999999955,86,100,5.14,light snow,CA,2021-11-28 17:17:41
209,Tepalcatepec,19.1833,-102.85,84.18199999999996,42,2,0.83,clear sky,MX,2021-11-28 17:17:42
210,Bathsheba,13.2167,-59.5167,86.61200000000002,70,40,7.2,scattered clouds,BB,2021-11-28 17:17:42
211,Methoni,36.8197,21.7049,64.25600000000003,85,65,7.6,broken clouds,GR,2021-11-28 17:17:42
212,Dalbandin,28.8947,64.4101,61.30400000000003,23,0,2.71,clear sky,PK,2021-11-28 17:17:43
213,Grindavik,63.8424,-22.4338,43.26800000000003,100,90,6.17,mist,IS,2021-11-28 17:17:43
214,Opuwo,-18.0607,13.84,86.108,16,93,7.4,overcast clouds,NA,2021-11-28 17:17:44
215,Vrangel,42.7297,133.0839,39.829999999999984,79,98,2.11,overcast clouds,RU,2021-11-28 17:17:44
216,Litovko,49.2361,135.1742,18.51800000000003,96,99,1.71,light snow,RU,2021-11-28 17:17:44
217,Biu,10.6129,12.1946,80.04199999999997,13,42,3.25,scattered clouds,NG,2021-11-28 17:17:45
218,Witu,-2.3889,40.4382,82.56200000000007,82,53,3.0,broken clouds,KE,2021-11-28 17:17:45
219,Margate,51.3813,1.3862,37.25599999999997,78,78,10.67,broken clouds,GB,2021-11-28 17:17:46
220,Tomatlan,19.9333,-105.25,86.39600000000002,47,95,1.12,overcast clouds,MX,2021-11-28 17:17:46
221,Marawi,7.9986,124.2928,68.55799999999994,94,55,0.81,broken clouds,PH,2021-11-28 17:17:46
222,Marsa Matruh,31.3525,27.2453,69.99799999999999,52,0,2.57,clear sky,EG,2021-11-28 17:17:47
223,Tateyama,34.9833,139.8667,48.21800000000002,54,1,2.86,clear sky,JP,2021-11-28 17:17:47
224,Asau,46.4333,26.4,45.51800000000003,83,60,1.96,broken clouds,RO,2021-11-28 17:17:48
225,Krasnoselkup,65.7,82.4667,-13.48599999999999,100,63,3.38,broken clouds,RU,2021-11-28 17:17:48
226,Colesberg,-30.72,25.0972,70.214,32,25,5.63,scattered clouds,ZA,2021-11-28 17:17:49
227,Cockburn Town,21.4612,-71.1419,76.964,73,40,1.03,scattered clouds,TC,2021-11-28 17:17:49
228,Kidal,18.4411,1.4078,85.58600000000007,13,63,0.75,broken clouds,ML,2021-11-28 17:17:49
229,Kodiak,57.79,-152.4072,6.3139999999999645,56,20,1.54,few clouds,US,2021-11-28 17:17:50
230,Talnakh,69.4865,88.3972,-14.22399999999999,97,97,1.53,overcast clouds,RU,2021-11-28 17:17:50
231,Ayagoz,47.9714,80.4392,8.402000000000044,80,1,4.17,clear sky,KZ,2021-11-28 17:20:43
232,Mariental,-24.6333,17.9667,90.12200000000001,3,0,7.28,clear sky,NA,2021-11-28 17:20:44
233,San Patricio,28.017,-97.5169,65.084,67,100,4.13,overcast clouds,US,2021-11-28 17:20:44
234,Burriana,39.889,-0.085,52.646000000000015,42,100,5.84,overcast clouds,ES,2021-11-28 17:20:44
235,Sovetskiy,61.3614,63.5842,20.569999999999993,91,100,3.99,overcast clouds,RU,2021-11-28 17:20:21
236,Luganville,-15.5333,167.1667,77.28799999999995,86,3,2.18,clear sky,VU,2021-11-28 17:20:45
237,Tazovskiy,67.4667,78.7,-11.254000000000019,99,94,1.97,overcast clouds,RU,2021-11-28 17:20:45
238,Araceli,10.5529,119.9913,82.238,83,81,7.6,broken clouds,PH,2021-11-28 17:20:46
239,Ancud,-41.8697,-73.8203,60.33199999999994,61,82,4.39,broken clouds,CL,2021-11-28 17:16:40
240,Tyup,42.7276,78.3648,15.22399999999999,62,4,1.98,clear sky,KG,2021-11-28 17:20:47
241,Yeniseysk,58.4497,92.1703,24.926000000000045,89,100,6.04,overcast clouds,RU,2021-11-28 17:20:47
242,Hay River,60.8156,-115.7999,13.981999999999971,85,75,1.54,light snow,CA,2021-11-28 17:20:16
243,East London,-33.0153,27.9116,68.93599999999998,77,0,3.09,clear sky,ZA,2021-11-28 17:20:48
244,Taltal,-25.4,-70.4833,66.38000000000005,68,13,2.58,few clouds,CL,2021-11-28 17:20:48
245,Alice Springs,-23.7,133.8833,58.55000000000001,72,0,2.06,clear sky,AU,2021-11-28 17:20:48
246,Mirzapur,25.15,82.5833,62.56400000000002,41,57,1.21,broken clouds,IN,2021-11-28 17:20:49
247,Tra Vinh,9.9347,106.3453,74.26399999999995,97,100,2.25,moderate rain,VN,2021-11-28 17:20:49
248,Wanning,18.8003,110.3967,72.69800000000004,82,100,5.85,overcast clouds,CN,2021-11-28 17:20:50
249,Aswan,24.0934,32.907,85.29799999999994,23,0,5.14,clear sky,EG,2021-11-28 17:20:50
250,Dauphin,51.1494,-100.0502,19.54400000000004,79,75,2.57,broken clouds,CA,2021-11-28 17:20:51
251,Belaya Gora,68.5333,146.4167,-30.874000000000024,100,100,1.19,overcast clouds,RU,2021-11-28 17:20:51
252,Itupiranga,-5.1347,-49.3267,93.52399999999994,60,46,1.53,scattered clouds,BR,2021-11-28 17:20:52
253,Grand Gaube,-20.0064,57.6608,77.39600000000002,69,29,2.39,scattered clouds,MU,2021-11-28 17:20:52
254,Kantunilkin,21.0917,-87.45,82.238,50,7,0.51,clear sky,MX,2021-11-28 17:20:52
255,Sun Valley,39.5963,-119.776,40.315999999999974,61,20,0.0,few clouds,US,2021-11-28 17:20:53
256,Georgetown,5.4112,100.3354,76.94599999999997,94,20,1.03,moderate rain,MY,2021-11-28 17:20:53
257,Oktyabrskiy,54.4815,53.471,28.255999999999972,85,100,6.73,overcast clouds,RU,2021-11-28 17:20:54
258,Talcahuano,-36.7167,-73.1167,65.87600000000003,52,0,8.75,clear sky,CL,2021-11-28 17:20:54
259,Fallon,39.4735,-118.7774,37.273999999999944,48,1,0.0,clear sky,US,2021-11-28 17:20:54
260,Laja,-37.2667,-72.7,73.68800000000005,18,0,3.07,clear sky,CL,2021-11-28 17:20:55
261,Forest Hills,42.9595,-85.4898,37.56200000000001,69,75,8.75,broken clouds,US,2021-11-28 17:20:55
262,Moyo,3.6609,31.7247,71.40199999999999,75,93,1.12,overcast clouds,UG,2021-11-28 17:20:56
263,Xingyi,24.1877,102.817,48.829999999999984,96,46,1.46,scattered clouds,CN,2021-11-28 17:20:56
264,Sisimiut,66.9395,-53.6735,28.813999999999965,88,100,4.37,overcast clouds,GL,2021-11-28 17:20:56
265,Yulara,-25.2406,130.9889,64.238,36,0,2.57,clear sky,AU,2021-11-28 17:20:57
266,Mizdah,31.4451,12.9801,63.71599999999995,56,90,9.46,overcast clouds,LY,2021-11-28 17:20:57
267,Shingu,33.7333,135.9833,43.43000000000001,68,46,2.46,scattered clouds,JP,2021-11-28 17:20:58
268,Price,39.5994,-110.8107,43.86200000000002,45,1,0.0,clear sky,US,2021-11-28 17:20:58
269,Olafsvik,64.8945,-23.7142,43.05200000000002,96,100,4.12,overcast clouds,IS,2021-11-28 17:20:59
270,Lagoa,39.05,-27.9833,60.81800000000004,57,38,1.62,scattered clouds,PT,2021-11-28 17:20:59
271,Port Keats,-14.25,129.55,82.238,70,61,0.58,broken clouds,AU,2021-11-28 17:20:59
272,Ouallam,14.3188,2.0866,90.75200000000001,9,98,3.56,overcast clouds,NE,2021-11-28 17:21:00
273,Saint Anthony,45.0205,-93.218,33.72800000000001,49,1,4.63,clear sky,US,2021-11-28 17:21:00
274,Farafangana,-22.8167,47.8333,69.96200000000005,67,77,2.81,broken clouds,MG,2021-11-28 17:21:01
275,Geraldton,-28.7667,114.6,70.214,83,90,4.12,overcast clouds,AU,2021-11-28 17:21:01
276,Valparai,10.3667,76.9667,60.565999999999974,97,100,1.64,overcast clouds,IN,2021-11-28 17:21:02
277,Hambantota,6.1241,81.1185,78.07999999999998,86,100,2.74,overcast clouds,LK,2021-11-28 17:21:02
278,Preobrazheniye,42.9019,133.9064,39.307999999999936,81,100,3.66,overcast clouds,RU,2021-11-28 17:22:02
279,Yuxia,34.0615,108.6291,50.61200000000002,67,99,3.12,overcast clouds,CN,2021-11-28 17:22:03
280,Caravelas,-17.7125,-39.2481,80.32999999999998,82,74,4.18,broken clouds,BR,2021-11-28 17:22:03
281,Ashland,40.8167,-82.2665,37.94,88,86,4.92,overcast clouds,US,2021-11-28 17:22:04
282,Umtata,-31.5889,28.7844,65.30000000000001,71,35,1.59,scattered clouds,ZA,2021-11-28 17:22:04
283,Sampit,-2.5333,112.95,71.52800000000008,99,100,1.07,overcast clouds,ID,2021-11-28 17:22:04
284,Union City,37.5958,-122.0192,60.69199999999995,71,1,0.0,clear sky,US,2021-11-28 17:21:21
285,Dawei,14.0833,98.2,71.834,79,40,2.78,scattered clouds,MM,2021-11-28 17:22:05
286,Zonguldak,41.25,31.8333,52.178,68,57,1.73,broken clouds,TR,2021-11-28 17:22:05
287,Bemidji,47.4736,-94.8803,26.887999999999977,68,1,3.6,clear sky,US,2021-11-28 17:22:06
288,Egvekinot,66.3167,-179.1667,-6.519999999999982,95,100,0.52,overcast clouds,RU,2021-11-28 17:22:06
289,Manzhouli,49.6,117.4333,5.089999999999975,90,6,3.62,clear sky,CN,2021-11-28 17:22:06
290,Coolum Beach,-26.5333,153.1,71.65400000000005,86,96,5.61,overcast clouds,AU,2021-11-28 17:22:07
291,Honningsvag,70.9821,25.9704,11.947999999999979,79,20,9.77,few clouds,NO,2021-11-28 17:22:07
292,Mayumba,-3.432,10.6554,79.214,85,99,4.82,overcast clouds,GA,2021-11-28 17:22:08
293,Popondetta,-8.7537,148.2534,73.56200000000007,95,68,1.36,broken clouds,PG,2021-11-28 17:22:08
294,Tongren,27.7172,109.1853,53.599999999999966,69,100,1.29,overcast clouds,CN,2021-11-28 17:22:09
295,Mahon,39.8885,4.2658,45.15799999999996,87,20,3.6,few clouds,ES,2021-11-28 17:22:09
296,Qingdao,36.0986,120.3719,42.403999999999996,100,40,2.0,light rain,CN,2021-11-28 17:22:10
297,Makubetsu,45.3714,141.8211,43.97000000000003,70,46,10.89,scattered clouds,JP,2021-11-28 17:22:10
298,Santa Cruz,-17.8,-63.1667,87.26000000000005,62,75,9.77,broken clouds,BO,2021-11-28 17:22:11
299,Galabovo,42.139,25.8673,56.047999999999945,66,85,6.35,overcast clouds,BG,2021-11-28 17:22:11
300,Hasaki,35.7333,140.8333,37.79599999999999,51,3,3.13,clear sky,JP,2021-11-28 17:22:11
301,Cabo San Lucas,22.8909,-109.9124,77.30599999999998,64,90,0.0,overcast clouds,MX,2021-11-28 17:20:28
302,Shimoda,34.6667,138.95,50.34199999999993,59,19,2.16,few clouds,JP,2021-11-28 17:22:12
303,Pevek,69.7008,170.3133,-2.325999999999965,84,96,1.4,overcast clouds,RU,2021-11-28 17:22:13
304,Miyako,39.6367,141.9525,37.77800000000002,70,1,2.34,clear sky,JP,2021-11-28 17:22:13
305,Tucuma,-0.1833,-50.05,88.43,56,18,2.87,moderate rain,BR,2021-11-28 17:22:13
306,Sao Joao Da Barra,-21.6403,-41.0511,87.88999999999993,67,27,2.26,scattered clouds,BR,2021-11-28 17:22:14
307,Stepnyak,52.8339,70.7803,11.26400000000001,77,23,3.99,few clouds,KZ,2021-11-28 17:22:14
308,Jasdan,22.0333,71.2,77.41400000000004,34,10,3.3,clear sky,IN,2021-11-28 17:22:15
309,Abbotsford,49.058,-122.2526,54.55400000000003,100,90,5.66,moderate rain,CA,2021-11-28 17:21:51
310,Hervey Bay,-25.2986,152.8535,71.70799999999991,89,67,6.85,broken clouds,AU,2021-11-28 17:22:15
311,Urumqi,43.801,87.6005,9.55400000000003,79,0,2.0,clear sky,CN,2021-11-28 17:20:04
312,Trinidad,-14.8333,-64.9,87.78199999999998,66,75,8.75,broken clouds,BO,2021-11-28 17:22:16
313,Qaqortoq,60.7167,-46.0333,37.903999999999996,99,100,2.47,moderate rain,GL,2021-11-28 17:22:16
314,Berezovyy,51.6667,135.7,13.495999999999981,96,100,0.8,light snow,RU,2021-11-28 17:22:17
315,Alofi,-19.0595,-169.9187,73.29199999999997,78,91,5.14,overcast clouds,NU,2021-11-28 17:22:17
316,Turukhansk,65.8167,87.9833,-3.334000000000003,99,98,1.73,overcast clouds,RU,2021-11-28 17:22:17
317,Malatya,38.5,38.0,44.653999999999996,93,75,1.03,broken clouds,TR,2021-11-28 17:22:18
318,Hit,33.6416,42.8251,65.44400000000002,40,52,2.95,broken clouds,IQ,2021-11-28 17:22:18
319,Vardo,70.3705,31.1107,12.397999999999968,85,40,4.63,light shower snow,NO,2021-11-28 17:22:19
320,Key Largo,25.0865,-80.4473,75.19999999999999,67,66,0.66,broken clouds,US,2021-11-28 17:22:19
321,Tuatapere,-46.1333,167.6833,43.23199999999997,90,70,1.22,broken clouds,NZ,2021-11-28 17:22:20
322,Okhotsk,59.3833,143.3,-3.8560000000000514,81,7,8.4,clear sky,RU,2021-11-28 17:23:21
323,Ponta Delgada,37.7333,-25.6667,63.31999999999999,63,75,3.09,broken clouds,PT,2021-11-28 17:23:21
324,Faanui,-16.4833,-151.75,81.05000000000001,72,100,4.69,overcast clouds,PF,2021-11-28 17:23:22
325,Owensboro,37.7742,-87.1133,46.48999999999995,53,1,6.69,clear sky,US,2021-11-28 17:19:01
326,Muli,2.9167,73.5667,82.92199999999997,71,100,5.83,overcast clouds,MV,2021-11-28 17:23:22
327,Eirunepe,-6.6603,-69.8736,82.92199999999997,84,100,0.87,overcast clouds,BR,2021-11-28 17:23:23
328,Maldonado,-34.6667,-54.9167,67.38799999999998,86,100,3.46,light rain,UY,2021-11-28 17:22:03
329,Embrach,47.5056,8.5941,34.01599999999996,97,75,1.03,shower snow,CH,2021-11-28 17:23:23
330,Adrar,20.5022,-10.0711,71.906,20,0,6.46,clear sky,MR,2021-11-28 17:23:23
331,Kanigoro,-8.13,112.219,74.53399999999993,89,100,1.26,heavy intensity rain,ID,2021-11-28 17:23:24
332,Mokhsogollokh,61.4681,128.9203,-1.2100000000000364,92,100,3.34,overcast clouds,RU,2021-11-28 17:23:24
333,Janauba,-15.8025,-43.3089,82.47200000000004,63,70,4.21,broken clouds,BR,2021-11-28 17:23:25
334,Mormugao,15.4,73.8,79.86200000000002,65,40,2.57,mist,IN,2021-11-28 17:23:25
335,Teknaf,20.8624,92.3058,70.52000000000004,71,8,3.88,clear sky,BD,2021-11-28 17:23:26
336,Khalkhal,37.6189,48.5258,44.420000000000016,47,44,1.74,scattered clouds,IR,2021-11-28 17:23:26
337,Zlobin,45.2924,14.6541,40.298,76,40,2.57,scattered clouds,HR,2021-11-28 17:23:27
338,Broken Hill,-31.95,141.4333,62.31200000000007,63,48,3.6,scattered clouds,AU,2021-11-28 17:23:27
339,Segezha,63.7415,34.3222,10.436000000000035,97,100,3.75,overcast clouds,RU,2021-11-28 17:23:27
340,Lata,40.1629,-8.3327,52.214,92,90,1.41,overcast clouds,PT,2021-11-28 17:23:28
341,Salalah,17.0151,54.0924,78.88999999999993,78,0,0.0,clear sky,OM,2021-11-28 17:23:28
342,Hualmay,-11.0964,-77.6139,71.618,72,90,4.52,overcast clouds,PE,2021-11-28 17:23:29
343,Kalmunai,7.4167,81.8167,78.78199999999998,85,93,1.87,overcast clouds,LK,2021-11-28 17:23:29
344,Stranda,62.3096,6.9358,26.186000000000035,72,6,3.16,clear sky,NO,2021-11-28 17:23:29
345,Constitucion,-35.3333,-72.4167,66.38000000000005,50,0,8.5,clear sky,CL,2021-11-28 17:23:30
346,Juazeiro,-9.4117,-40.4986,80.78000000000003,78,75,1.54,light rain,BR,2021-11-28 17:23:30
347,Palmer,42.1584,-72.3287,35.52800000000002,60,90,3.6,overcast clouds,US,2021-11-28 17:23:31
348,Zhengjiatun,43.5064,123.5064,29.55200000000002,88,61,4.79,broken clouds,CN,2021-11-28 17:23:31
349,Sena Madureira,-9.0656,-68.6569,83.94800000000004,81,100,1.82,heavy intensity rain,BR,2021-11-28 17:23:31
350,Santa Maria,-29.6842,-53.8069,74.49799999999999,78,75,2.57,moderate rain,BR,2021-11-28 17:22:52
351,Ampanihy,-24.7,44.75,62.88799999999998,64,3,7.06,clear sky,MG,2021-11-28 17:23:32
352,Rafai,4.95,23.9167,80.45599999999996,39,99,0.83,overcast clouds,CF,2021-11-28 17:23:32
353,Sterling,39.0062,-77.4286,58.85599999999994,39,40,3.6,scattered clouds,US,2021-11-28 17:23:33
354,Adwa,14.1646,38.8955,64.76000000000005,53,8,7.04,clear sky,ET,2021-11-28 17:23:33
355,Hovd,48.0056,91.6419,18.48199999999997,31,100,0.35,overcast clouds,MN,2021-11-28 17:23:34
356,Florence,43.7667,11.25,53.69,81,40,2.57,thunderstorm,IT,2021-11-28 17:20:07
357,Novaya Zaimka,56.4857,66.9241,21.452000000000055,76,89,5.57,overcast clouds,RU,2021-11-28 17:23:34
358,Ixtapa,20.7,-105.2,78.02600000000001,65,90,0.0,overcast clouds,MX,2021-11-28 17:23:35
359,Saskylakh,71.9167,114.0833,-12.460000000000036,97,100,2.53,overcast clouds,RU,2021-11-28 17:23:35
360,Tautira,-17.7333,-149.15,78.81800000000004,79,80,8.61,light rain,PF,2021-11-28 17:23:36
361,Rach Gia,10.0167,105.0833,75.14600000000002,85,100,5.6,moderate rain,VN,2021-11-28 17:23:36
362,Pacific Grove,36.6177,-121.9166,64.50799999999998,48,1,0.0,clear sky,US,2021-11-28 17:21:20
363,Road Town,18.4167,-64.6167,86.036,62,20,3.09,few clouds,VG,2021-11-28 17:23:37
364,Jaciara,-15.9653,-54.9683,87.81800000000004,63,84,3.12,broken clouds,BR,2021-11-28 17:19:38
365,Kambove,-10.8764,26.5969,67.85599999999994,75,81,1.39,broken clouds,CD,2021-11-28 17:23:37
366,Angoche,-16.2325,39.9086,76.91000000000003,63,1,5.83,clear sky,MZ,2021-11-28 17:23:38
367,Lalganj,25.8667,85.1833,58.94599999999997,47,12,1.32,few clouds,IN,2021-11-28 17:24:38
368,Rocha,-34.4833,-54.3333,68.08999999999997,89,100,2.16,overcast clouds,UY,2021-11-28 17:24:39
369,Onda,39.9667,-0.25,50.846000000000004,48,100,3.77,overcast clouds,ES,2021-11-28 17:24:39
370,Sola,-13.8833,167.55,81.28399999999993,73,88,3.66,overcast clouds,VU,2021-11-28 17:24:40
371,Thunder Bay,48.4001,-89.3168,31.98199999999997,59,90,6.69,overcast clouds,CA,2021-11-28 17:24:40
372,Destin,30.3935,-86.4958,58.117999999999995,62,90,4.12,overcast clouds,US,2021-11-28 17:23:18
373,Fortuna,40.5982,-124.1573,53.94199999999995,84,100,0.76,overcast clouds,US,2021-11-28 17:24:41
374,Carutapera,-1.195,-46.02,88.55599999999998,54,20,3.84,few clouds,BR,2021-11-28 17:24:41
375,Nhulunbuy,-12.2333,136.7667,77.61200000000002,83,31,0.51,scattered clouds,AU,2021-11-28 17:24:42
376,Shitanjing,39.2342,106.3439,24.45799999999997,33,100,11.8,overcast clouds,CN,2021-11-28 17:24:42
377,Strenci,57.6257,25.6854,26.22199999999998,96,98,1.75,overcast clouds,LV,2021-11-28 17:24:43
378,Rafraf,37.1904,10.1837,48.50599999999997,72,82,9.09,broken clouds,TN,2021-11-28 17:24:43
379,Batala,31.8186,75.2028,55.18399999999991,39,0,1.21,clear sky,IN,2021-11-28 17:24:43
380,Yerbogachen,61.2767,108.0108,-4.846000000000004,100,99,0.8,overcast clouds,RU,2021-11-28 17:24:44
381,Fukue,32.6881,128.8419,56.10200000000003,52,78,1.23,broken clouds,JP,2021-11-28 17:24:44
382,Redwater,33.3582,-94.2544,59.287999999999954,51,32,2.37,scattered clouds,US,2021-11-28 17:24:45
383,Auriflama,-20.6856,-50.5547,92.55200000000008,36,52,5.0,broken clouds,BR,2021-11-28 17:24:45
384,Kemijarvi,66.7131,27.4306,12.146000000000015,94,99,2.71,overcast clouds,FI,2021-11-28 17:24:45
385,Aguimes,27.9054,-15.4461,65.03000000000003,68,40,11.32,scattered clouds,ES,2021-11-28 17:24:46
386,Katol,21.2667,78.5833,61.358000000000004,40,86,1.45,overcast clouds,IN,2021-11-28 17:24:46
387,Dryden,49.7833,-92.7503,23.28800000000001,74,90,2.57,overcast clouds,CA,2021-11-28 17:24:34
388,Pelym,61.0108,61.9978,21.452000000000055,90,98,3.77,overcast clouds,RU,2021-11-28 17:24:47
389,Warri,5.5167,5.75,82.77800000000008,73,100,3.63,light rain,NG,2021-11-28 17:24:48
390,Saint-Joseph,-21.3667,55.6167,75.57800000000003,87,69,0.56,light rain,RE,2021-11-28 17:24:48
391,Almaznyy,48.0448,40.045,46.54400000000004,92,100,3.37,overcast clouds,RU,2021-11-28 17:24:48
392,Zyryanka,65.75,150.85,-37.98399999999998,99,99,2.03,overcast clouds,RU,2021-11-28 17:24:49
393,Calama,-22.4667,-68.9333,73.88600000000002,13,20,9.26,few clouds,CL,2021-11-28 17:24:49
394,Yazykovo,55.2199,56.1353,25.53800000000001,78,100,5.97,light snow,RU,2021-11-28 17:24:50
395,Paamiut,61.994,-49.6678,40.315999999999974,88,100,11.3,light rain,GL,2021-11-28 17:24:50
396,Victoria,22.2855,114.1577,69.78199999999998,78,7,3.76,clear sky,HK,2021-11-28 17:21:54
397,Karanja,20.4833,77.4833,67.42399999999992,41,86,3.11,overcast clouds,IN,2021-11-28 17:24:51
398,Avera,33.194,-82.5271,60.67399999999992,29,94,5.1,overcast clouds,US,2021-11-28 17:24:51
399,Gazimurskiy Zavod,51.5461,118.3266,-3.2799999999999727,100,70,1.14,broken clouds,RU,2021-11-28 17:24:52
400,Charters Towers,-20.1,146.2667,74.714,87,62,4.4,broken clouds,AU,2021-11-28 17:24:52
401,Nishihara,26.1842,127.7558,70.88000000000005,60,75,6.17,broken clouds,JP,2021-11-28 17:24:53
402,Belmonte,-15.8631,-38.8828,84.70400000000001,86,83,5.83,broken clouds,BR,2021-11-28 17:24:53
403,Owosso,42.9978,-84.1766,36.23000000000002,86,90,8.23,overcast clouds,US,2021-11-28 17:22:58
404,Khorramshahr,30.4397,48.1664,62.56400000000002,51,0,2.06,clear sky,IR,2021-11-28 17:24:54
405,Wendo,6.6,38.4167,62.04199999999997,68,87,1.19,overcast clouds,ET,2021-11-28 17:24:54
406,Nizwa,22.9333,57.5333,74.91199999999998,29,0,3.57,clear sky,OM,2021-11-28 17:24:54
407,Half Moon Bay,37.4636,-122.4286,60.67399999999992,79,1,0.0,clear sky,US,2021-11-28 17:24:55
408,Pozo Colorado,-23.4923,-58.7972,71.63600000000002,92,99,7.2,overcast clouds,PY,2021-11-28 17:24:55
409,Bayji,34.9311,43.487,62.54599999999999,42,82,0.88,broken clouds,IQ,2021-11-28 17:24:56
410,Lamar,33.6668,-95.5836,58.98200000000003,58,1,4.12,clear sky,US,2021-11-28 17:24:56
411,Cacoal,-11.4386,-61.4472,75.84800000000001,95,100,3.12,overcast clouds,BR,2021-11-28 17:24:56
412,Bac Lieu,9.285,105.7244,74.24600000000004,98,100,4.54,overcast clouds,VN,2021-11-28 17:25:57
413,Pochutla,15.7432,-96.4661,87.62000000000006,44,100,1.48,overcast clouds,MX,2021-11-28 17:25:57
414,Cabedelo,-6.9811,-34.8339,88.46599999999995,64,39,5.28,scattered clouds,BR,2021-11-28 17:25:58
415,Vapi,20.3718,72.9049,76.01000000000005,46,29,3.06,scattered clouds,IN,2021-11-28 17:25:58
416,Sibu,2.3,111.8167,75.50600000000003,88,40,3.09,scattered clouds,MY,2021-11-28 17:25:59
417,Terrace,54.5163,-128.6035,37.31000000000006,100,90,1.54,moderate rain,CA,2021-11-28 17:25:59
418,Karaton,-6.3424,106.1045,73.56200000000007,94,98,2.26,light rain,ID,2021-11-28 17:25:59
419,Champasak,14.75,106.0,70.142,83,100,1.19,overcast clouds,LA,2021-11-28 17:26:00
420,Inongo,-1.95,18.2667,74.28199999999998,80,96,2.25,light rain,CD,2021-11-28 17:26:00
421,Coquimbo,-29.9533,-71.3436,65.93,68,0,7.2,clear sky,CL,2021-11-28 17:26:01
422,Henties Bay,-22.116,14.2845,63.212000000000046,81,1,5.18,clear sky,NA,2021-11-28 17:26:01
423,Toul,48.6667,5.9167,39.488,86,75,3.09,broken clouds,FR,2021-11-28 17:26:02
424,Santa Isabel Do Rio Negro,-0.4139,-65.0192,91.25600000000003,52,84,1.77,broken clouds,BR,2021-11-28 17:26:02
425,Bacolod,10.6667,122.95,77.97200000000004,84,100,3.52,overcast clouds,PH,2021-11-28 17:26:02
426,Pitkyaranta,61.5734,31.4792,21.523999999999944,82,100,5.45,overcast clouds,RU,2021-11-28 17:26:03
427,Alpena,45.0617,-83.4327,32.323999999999955,86,90,0.0,light snow,US,2021-11-28 17:26:03
428,Verkhoyansk,67.5447,133.385,-15.50200000000001,100,99,0.63,overcast clouds,RU,2021-11-28 17:26:04
429,Tahta,26.7693,31.5021,75.52399999999994,15,69,3.02,broken clouds,EG,2021-11-28 17:26:04
430,San Ignacio,17.1561,-89.0714,82.54400000000004,69,40,1.54,scattered clouds,BZ,2021-11-28 17:26:04
431,Buraydah,26.326,43.975,66.64999999999992,31,0,3.61,clear sky,SA,2021-11-28 17:26:05
432,Caucaia,-3.7361,-38.6531,87.74600000000004,62,20,6.69,few clouds,BR,2021-11-28 17:25:43
433,Stykkisholmur,65.0757,-22.7297,38.533999999999935,97,100,2.61,light rain,IS,2021-11-28 17:26:05
434,Honiara,-9.4333,159.95,77.89999999999992,85,85,0.58,light rain,SB,2021-11-28 17:26:06
435,Sivas,39.7916,37.0019,47.02999999999997,87,75,4.63,broken clouds,TR,2021-11-28 17:26:06
436,Khandyga,62.6667,135.6,-15.358000000000004,100,100,0.45,overcast clouds,RU,2021-11-28 17:26:07
437,Turan,16.0678,108.2208,73.382,94,75,6.69,mist,VN,2021-11-28 17:26:07
438,Mwinilunga,-11.7358,24.4293,63.66199999999998,92,92,1.66,light rain,ZM,2021-11-28 17:26:07
439,Necochea,-38.5473,-58.7368,61.59199999999993,95,100,4.01,light rain,AR,2021-11-28 17:26:08
440,Ruteng,-8.6136,120.4721,62.45599999999996,91,100,0.59,overcast clouds,ID,2021-11-28 17:26:08
441,Ambon,-3.6954,128.1814,81.57199999999995,74,95,1.06,overcast clouds,ID,2021-11-28 17:26:09
442,Krasnoborsk,61.5598,45.934,29.480000000000018,98,100,1.62,light snow,RU,2021-11-28 17:26:09
443,Rena,61.1348,11.3641,22.51400000000001,88,99,0.96,overcast clouds,NO,2021-11-28 17:26:09
444,Taloqan,36.7361,69.5345,48.63199999999995,69,100,1.41,overcast clouds,AF,2021-11-28 17:26:10
445,Lanxi,29.2195,119.477,57.39799999999997,85,84,1.52,broken clouds,CN,2021-11-28 17:26:10
446,Hearst,49.6835,-83.6665,23.25200000000001,87,100,2.24,overcast clouds,CA,2021-11-28 17:26:11
447,Maua,-23.6678,-46.4614,84.00200000000001,51,60,1.92,broken clouds,BR,2021-11-28 17:26:11
448,Le Pradet,43.1066,6.0172,46.09400000000005,53,0,5.14,clear sky,FR,2021-11-28 17:26:11
449,Namibe,-15.1961,12.1522,70.48399999999998,74,82,4.52,broken clouds,AO,2021-11-28 17:26:12
450,Rawson,-43.3002,-65.1023,74.83999999999997,23,61,6.45,broken clouds,AR,2021-11-28 17:26:12
451,Bahia Blanca,-38.7196,-62.2724,72.1760000000001,55,100,5.22,overcast clouds,AR,2021-11-28 17:26:12
452,Caraquet,47.7941,-64.9386,30.739999999999952,71,100,7.73,overcast clouds,CA,2021-11-28 17:26:13
453,Deputatskiy,69.3,139.9,-11.704000000000008,95,100,2.37,overcast clouds,RU,2021-11-28 17:26:13
454,Pasighat,28.0667,95.3333,61.68199999999996,54,0,1.76,clear sky,IN,2021-11-28 17:26:14
455,Chimbote,-9.0853,-78.5783,71.40199999999999,72,86,4.26,overcast clouds,PE,2021-11-28 17:26:14
456,Svobodnyy,51.4,128.1333,13.063999999999965,75,100,5.16,overcast clouds,RU,2021-11-28 17:26:15
457,Ajdabiya,30.7554,20.2263,78.96200000000005,24,99,7.19,overcast clouds,LY,2021-11-28 17:26:15
458,Koscian,52.0883,16.6487,35.45599999999996,99,100,1.73,light snow,PL,2021-11-28 17:26:16
459,Riyadh,24.6877,46.7219,68.14400000000006,28,0,4.0,clear sky,SA,2021-11-28 17:25:46
460,San Policarpo,12.1791,125.5072,81.24799999999999,83,100,4.65,overcast clouds,PH,2021-11-28 17:27:17
461,Bilma,18.6853,12.9164,81.44599999999997,14,72,3.52,broken clouds,NE,2021-11-28 17:27:17
462,Hemnesberget,66.2333,13.6333,17.70799999999997,84,95,2.79,overcast clouds,NO,2021-11-28 17:27:17
463,Sibolga,1.7427,98.7792,75.416,89,100,0.55,moderate rain,ID,2021-11-28 17:27:18
464,San Quintin,30.4833,-115.95,70.73600000000005,34,0,0.81,clear sky,MX,2021-11-28 17:27:18
465,Emerald,-23.5333,148.1667,73.54400000000004,100,75,3.09,broken clouds,AU,2021-11-28 17:22:59
466,Piranhas,-16.4269,-51.8222,88.96999999999997,56,33,2.07,scattered clouds,BR,2021-11-28 17:27:19
467,Lakes Entrance,-37.8811,147.981,50.82800000000003,90,7,3.14,clear sky,AU,2021-11-28 17:27:19
468,Gigmoto,13.7796,124.39,79.44800000000004,89,98,3.92,overcast clouds,PH,2021-11-28 17:27:19
469,Rahuri,19.3833,74.65,67.892,47,45,3.18,scattered clouds,IN,2021-11-28 17:27:20
470,Mazamari,-11.3258,-74.5308,90.89600000000002,43,99,1.16,light rain,PE,2021-11-28 17:27:20
471,Mayo,38.8876,-76.5119,56.28199999999998,66,1,5.14,clear sky,US,2021-11-28 17:25:27
472,Warmbad,-28.45,18.7333,81.96800000000002,16,2,5.48,clear sky,NA,2021-11-28 17:27:21
473,Weinan,34.5036,109.5089,51.49400000000003,48,84,8.09,broken clouds,CN,2021-11-28 17:27:22
474,Northam,51.0333,-4.2167,42.42199999999997,73,95,6.85,light rain,GB,2021-11-28 17:27:22
475,Dingle,10.9995,122.6711,75.86599999999993,93,99,3.28,overcast clouds,PH,2021-11-28 17:27:22
476,Kysyl-Syr,63.8986,122.7617,-9.291999999999973,99,99,2.16,overcast clouds,RU,2021-11-28 17:27:23
477,Sangar,63.9242,127.4739,-7.006000000000029,99,100,0.33,overcast clouds,RU,2021-11-28 17:27:23
478,Sao Filipe,14.8961,-24.4956,77.63000000000005,70,72,5.76,broken clouds,CV,2021-11-28 17:27:24
479,Conceicao Do Araguaia,-8.2578,-49.2647,84.25399999999996,71,97,2.24,overcast clouds,BR,2021-11-28 17:27:24
480,Mattru,7.6244,-11.8332,82.95799999999991,76,94,1.56,light rain,SL,2021-11-28 17:27:25
481,Hyeres,43.1167,6.1167,46.14799999999997,53,0,5.14,clear sky,FR,2021-11-28 17:23:05
482,Sandwick,60.0,-1.25,33.620000000000005,80,20,5.14,few clouds,GB,2021-11-28 17:27:25
483,Guerrero Negro,27.9769,-114.0611,71.69,43,0,0.31,clear sky,MX,2021-11-28 17:27:26
484,Soe,-9.8607,124.284,68.738,91,100,1.48,overcast clouds,ID,2021-11-28 17:27:26
485,Dicabisagan,17.0818,122.4157,75.93800000000005,91,87,0.42,overcast clouds,PH,2021-11-28 17:23:18
486,Barbacoas,1.6715,-78.1398,85.15400000000005,70,94,1.41,light rain,CO,2021-11-28 17:27:27
487,Sokoni,-6.4333,39.55,81.33800000000002,77,57,6.77,broken clouds,TZ,2021-11-28 17:27:27
488,Bubaque,11.2833,-15.8333,84.03799999999995,67,32,5.72,scattered clouds,GW,2021-11-28 17:27:27
489,Zhaotong,27.3167,103.7167,42.926000000000045,91,86,2.67,overcast clouds,CN,2021-11-28 17:27:28
490,Imbituba,-28.24,-48.6703,78.69199999999995,73,90,2.73,overcast clouds,BR,2021-11-28 17:23:06
491,Bom Sucesso,-21.0331,-44.7581,81.51800000000009,45,17,5.59,few clouds,BR,2021-11-28 17:27:28
492,Solnechnyy,50.7214,136.6319,12.829999999999984,95,100,0.87,overcast clouds,RU,2021-11-28 17:27:29
493,Houma,29.5958,-90.7195,57.19999999999999,87,90,3.09,overcast clouds,US,2021-11-28 17:27:29
494,Miri,4.4148,114.0089,75.344,94,40,1.54,scattered clouds,MY,2021-11-28 17:27:30
495,Souillac,-20.5167,57.5167,77.37799999999999,78,40,1.54,scattered clouds,MU,2021-11-28 17:27:30
496,El Banco,9.0011,-73.9758,90.44599999999997,55,51,1.15,broken clouds,CO,2021-11-28 17:27:30
497,Praia Da Vitoria,38.7333,-27.0667,61.05200000000008,77,75,2.24,broken clouds,PT,2021-11-28 17:26:45
498,Maniitsoq,65.4167,-52.9,37.14799999999997,95,100,6.09,light rain,GL,2021-11-28 17:27:31
499,Senanga,-16.1167,23.2667,83.35399999999998,33,99,1.49,overcast clouds,ZM,2021-11-28 17:27:32
500,Ust-Maya,60.4167,134.5333,-2.038000000000011,96,100,2.73,overcast clouds,RU,2021-11-28 17:27:32
501,Nova Vicosa,-17.8919,-39.3719,82.27399999999994,71,69,4.75,broken clouds,BR,2021-11-28 17:27:33
502,El Tigre,8.8875,-64.2454,87.78199999999998,49,49,4.99,scattered clouds,VE,2021-11-28 17:27:33
503,Lircay,-12.9896,-74.7205,55.94,61,99,1.72,overcast clouds,PE,2021-11-28 17:27:34
504,Sur,22.5667,59.5289,75.72200000000004,54,0,1.22,clear sky,OM,2021-11-28 17:27:34
505,Brae,60.3964,-1.353,33.710000000000036,54,68,6.12,broken clouds,GB,2021-11-28 17:27:34
506,Patos,-7.0244,-37.28,98.34800000000001,21,56,3.46,broken clouds,BR,2021-11-28 17:27:35
507,Pavlogradka,54.2024,73.5592,13.423999999999978,89,97,3.21,overcast clouds,RU,2021-11-28 17:28:35
508,Gawler,-34.6,138.7333,56.714,40,0,2.21,clear sky,AU,2021-11-28 17:28:35
509,Baruun-Urt,46.6806,113.2792,10.021999999999991,98,97,1.48,overcast clouds,MN,2021-11-28 17:28:36
510,Namatanai,-3.6667,152.4333,78.83600000000007,82,88,1.82,moderate rain,PG,2021-11-28 17:28:36
511,Manicore,-5.8092,-61.3003,87.44,66,100,1.28,overcast clouds,BR,2021-11-28 17:28:37
512,Tulsipur,28.131,82.2973,57.43399999999991,75,5,2.14,clear sky,NP,2021-11-28 17:28:37
513,Calvinia,-31.4707,19.776,62.834,68,74,3.66,broken clouds,ZA,2021-11-28 17:28:37
514,Portree,57.4129,-6.1942,36.01400000000001,73,70,1.99,broken clouds,GB,2021-11-28 17:28:38
515,Tual,-5.6667,132.75,83.96599999999995,68,78,1.27,broken clouds,ID,2021-11-28 17:28:39
516,Marystown,47.1666,-55.1483,46.976000000000056,72,11,8.94,few clouds,CA,2021-11-28 17:28:39
517,Izhma,65.0083,53.9113,13.855999999999995,95,100,3.64,light snow,RU,2021-11-28 17:28:39
518,Pisco,-13.7,-76.2167,73.45400000000001,64,0,3.6,clear sky,PE,2021-11-28 17:24:53
519,Vanimo,-2.6741,141.3028,77.05400000000003,88,98,1.62,overcast clouds,PG,2021-11-28 17:28:40
520,Selkirk,50.1436,-96.8845,24.872000000000014,92,74,1.76,broken clouds,CA,2021-11-28 17:28:41
521,Beringovskiy,63.05,179.3167,1.2379999999999995,98,98,2.31,overcast clouds,RU,2021-11-28 17:28:41
522,Belen,36.4891,36.2233,50.144000000000005,94,40,2.06,scattered clouds,TR,2021-11-28 17:28:41
523,Kutum,14.2,24.6667,74.12000000000006,17,1,4.75,clear sky,SD,2021-11-28 17:28:42
524,Bhimunipatnam,17.8833,83.4333,80.11399999999998,70,91,3.06,overcast clouds,IN,2021-11-28 17:28:42
525,Kondinskoye,59.6481,67.41,20.677999999999997,87,96,5.72,overcast clouds,RU,2021-11-28 17:28:42
526,Elizabeth City,36.2946,-76.2511,60.853999999999985,41,1,4.12,clear sky,US,2021-11-28 17:28:43
527,Svetlaya,46.5389,138.3297,32.25200000000001,66,100,2.84,overcast clouds,RU,2021-11-28 17:28:43
528,Alyangula,-13.8483,136.4192,71.47399999999999,100,13,1.54,few clouds,AU,2021-11-28 17:28:44
529,Ukiah,39.1502,-123.2078,51.69199999999995,82,1,0.0,clear sky,US,2021-11-28 17:24:05
530,Bairiki,1.3292,172.9752,80.59999999999997,78,75,5.14,broken clouds,KI,2021-11-28 17:28:44
531,Kattivakkam,13.2167,80.3167,75.29000000000002,91,100,5.45,moderate rain,IN,2021-11-28 17:28:45
532,Chapais,49.7834,-74.8492,15.583999999999946,84,97,3.85,overcast clouds,CA,2021-11-28 17:28:45
533,Tsabong,-26.0217,22.401,84.66800000000006,10,1,5.22,clear sky,BW,2021-11-28 17:28:46
534,Arman,59.7,150.1667,11.839999999999975,94,100,3.58,light snow,RU,2021-11-28 17:28:46
535,Nome,64.5011,-165.4064,-20.127999999999986,76,1,0.0,clear sky,US,2021-11-28 17:25:38
536,Riverdale,33.5726,-84.4133,55.18399999999991,43,90,4.12,overcast clouds,US,2021-11-28 17:28:47
537,La Reforma,25.0833,-108.05,77.28799999999995,44,98,1.92,overcast clouds,MX,2021-11-28 17:28:47
538,Storm Lake,42.6411,-95.2097,37.615999999999985,41,1,3.6,clear sky,US,2021-11-28 17:28:48
539,Chiang Kham,19.5233,100.3,64.31,89,18,0.51,few clouds,TH,2021-11-28 17:26:12
540,Katobu,-4.9408,122.5276,76.15400000000005,91,100,1.62,overcast clouds,ID,2021-11-28 17:28:48
541,Antofagasta,-23.65,-70.4,65.47999999999996,67,8,4.51,clear sky,CL,2021-11-28 17:28:49
542,Buala,-8.145,159.5921,79.75399999999996,81,84,2.09,light rain,SB,2021-11-28 17:25:17
543,Manavgat,36.7867,31.4431,66.61399999999998,80,56,5.48,broken clouds,TR,2021-11-28 17:28:49
544,Gympie,-26.1898,152.665,69.40400000000005,89,93,2.87,overcast clouds,AU,2021-11-28 17:28:50
545,Kralendijk,12.15,-68.2667,87.78199999999998,62,75,6.17,broken clouds,BQ,2021-11-28 17:28:50
546,Formosa Do Rio Preto,-11.0483,-45.1931,85.87399999999997,59,49,1.73,scattered clouds,BR,2021-11-28 17:28:51
547,Havre-Saint-Pierre,50.2334,-63.5986,35.599999999999966,86,90,6.69,light rain,CA,2021-11-28 17:28:51
548,Huaiyuan,32.973,117.1995,51.98000000000002,67,58,0.94,broken clouds,CN,2021-11-28 17:28:51
549,Kamloops,50.6665,-120.3192,38.389999999999986,93,90,1.54,overcast clouds,CA,2021-11-28 17:26:21
550,Napier,-39.4833,176.9167,58.964,92,100,1.27,overcast clouds,NZ,2021-11-28 17:28:52
551,Lajas,18.05,-67.0593,84.09199999999993,63,59,3.15,broken clouds,PR,2021-11-28 17:28:52
552,Bella Union,-30.2752,-57.6007,68.98999999999995,86,100,1.84,overcast clouds,UY,2021-11-28 17:29:53
553,Atar,20.5169,-13.0499,74.91199999999998,20,0,8.65,clear sky,MR,2021-11-28 17:29:54
554,Mingyue,43.1069,128.9217,31.74799999999999,78,68,2.47,broken clouds,CN,2021-11-28 17:29:54
555,Champerico,14.3,-91.9167,91.94,65,72,2.32,broken clouds,GT,2021-11-28 17:29:54
556,Mayna,54.1135,47.6231,32.48600000000005,98,100,4.09,overcast clouds,RU,2021-11-28 17:29:55
557,Los Algarrobos,8.5,-82.4333,84.61399999999998,70,40,3.6,scattered clouds,PA,2021-11-28 17:29:55
558,Lohja,60.2486,24.0653,19.18399999999997,71,100,3.47,overcast clouds,FI,2021-11-28 17:29:55
559,San Lawrenz,36.0553,14.204,58.406000000000006,63,95,11.3,overcast clouds,MT,2021-11-28 17:29:56
560,Wajir,1.7471,40.0573,81.35599999999994,65,100,5.17,light rain,KE,2021-11-28 17:29:56
561,Kununurra,-15.7667,128.7333,78.78199999999998,78,15,0.51,few clouds,AU,2021-11-28 17:29:57
562,Kawalu,-7.3817,108.2082,71.762,97,99,0.41,overcast clouds,ID,2021-11-28 17:29:57
563,Iquitos,-3.7481,-73.2472,91.43599999999998,62,75,4.12,broken clouds,PE,2021-11-28 17:29:58
564,Thai Binh,20.45,106.3333,69.80000000000001,65,33,1.81,scattered clouds,VN,2021-11-28 17:29:58
565,Monrovia,6.3005,-10.7969,87.56599999999997,70,19,3.37,few clouds,LR,2021-11-28 17:29:59
566,Sawakin,19.1059,37.3321,82.18399999999991,73,3,4.1,clear sky,SD,2021-11-28 17:29:59
567,Itaueira,-7.6033,-43.0256,90.12200000000001,49,86,1.91,moderate rain,BR,2021-11-28 17:30:00
568,The Valley,18.217,-63.0578,85.85599999999994,65,20,5.14,few clouds,AI,2021-11-28 17:30:00
569,Izumo,35.3667,132.7667,39.146000000000015,72,100,2.11,overcast clouds,JP,2021-11-28 17:30:01
570,Razole,16.4833,81.8333,77.28799999999995,93,100,2.59,overcast clouds,IN,2021-11-28 17:30:01
571,Filadelfia,39.9523,-75.1638,48.307999999999936,57,75,2.57,broken clouds,US,2021-11-28 17:27:54
572,Mackenzie,55.2999,-123.1698,35.815999999999974,93,75,4.12,broken clouds,CA,2021-11-28 17:30:02
573,Greenwood,34.1668,-82.1165,59.36000000000007,28,1,2.06,clear sky,US,2021-11-28 17:30:03
574,Balkanabat,39.5108,54.3671,54.86000000000007,38,85,2.26,overcast clouds,TM,2021-11-28 17:30:03
575,Gizo,-8.103,156.8419,82.05799999999994,76,95,2.95,light rain,SB,2021-11-28 17:30:04
576,Cuamba,-14.8031,36.5372,76.74799999999999,50,12,2.85,few clouds,MZ,2021-11-28 17:30:05
577,Libres,19.4667,-97.6833,65.53399999999993,37,75,2.64,broken clouds,MX,2021-11-28 17:30:05
578,Qasigiannguit,68.8193,-51.1922,12.452000000000055,88,99,2.24,overcast clouds,GL,2021-11-28 17:30:05
579,Norilsk,69.3535,88.2027,-14.745999999999981,98,92,1.24,overcast clouds,RU,2021-11-28 17:30:06
580,Ville-Marie,47.3335,-79.433,12.199999999999932,70,95,1.11,overcast clouds,CA,2021-11-28 17:25:26
581,Barcelos,41.5388,-8.6151,51.94400000000002,86,100,0.8,overcast clouds,PT,2021-11-28 17:26:56
582,Yar-Sale,66.8333,70.8333,-13.738,98,77,2.19,broken clouds,RU,2021-11-28 17:30:07
583,Muhos,64.808,25.9931,1.183999999999969,96,91,1.8,overcast clouds,FI,2021-11-28 17:30:08
584,Waingapu,-9.6567,120.2641,79.46599999999995,83,100,1.67,heavy intensity rain,ID,2021-11-28 17:30:08
585,Yanam,16.7333,82.2167,77.39600000000002,91,100,3.0,overcast clouds,IN,2021-11-28 17:30:09
586,Kargasok,59.0556,80.8572,25.789999999999964,93,96,2.75,overcast clouds,RU,2021-11-28 17:30:09
587,Novaya Malykla,54.2,49.95,32.846000000000004,95,100,4.65,overcast clouds,RU,2021-11-28 17:30:10
588,Maumere,-8.6199,122.2111,80.79799999999994,80,100,2.19,moderate rain,ID,2021-11-28 17:30:10
589,Awbari,26.5921,12.7805,80.52800000000008,13,99,3.68,overcast clouds,LY,2021-11-28 17:25:28
590,Havoysund,70.9963,24.6622,13.081999999999994,87,47,5.86,scattered clouds,NO,2021-11-28 17:30:11
591,Weihe,32.9952,105.3247,35.04199999999997,80,100,3.46,light snow,CN,2021-11-28 17:30:12
592,Waddan,29.1614,16.139,79.64600000000002,18,100,4.91,overcast clouds,LY,2021-11-28 17:30:12
593,Bira,49.0,132.4667,17.168000000000063,98,100,1.35,overcast clouds,RU,2021-11-28 17:30:13
594,Rzeszow,50.0413,21.999,41.01800000000003,100,75,5.14,light rain,PL,2021-11-28 17:26:28
595,Pacifica,37.6138,-122.4869,58.603999999999985,77,20,1.54,few clouds,US,2021-11-28 17:29:58
596,Aksarayskiy,46.7924,48.0119,40.946000000000026,88,43,4.25,scattered clouds,RU,2021-11-28 17:30:14
597,Huron,41.1501,-82.5499,38.64199999999994,85,87,6.94,overcast clouds,US,2021-11-28 17:30:14
598,Comodoro Rivadavia,-45.8667,-67.5,75.05599999999998,23,0,13.89,clear sky,AR,2021-11-28 17:30:01
599,Darab,28.7519,54.5444,63.62600000000003,36,69,1.54,broken clouds,IR,2021-11-28 17:31:15
600,Rosarito,32.3333,-117.0333,70.48399999999998,28,0,1.15,clear sky,MX,2021-11-28 17:31:15
601,Suez,29.9737,32.5263,71.99600000000004,27,29,1.25,scattered clouds,EG,2021-11-28 17:31:16
602,Ulladulla,-35.35,150.4667,54.49999999999994,77,61,1.69,broken clouds,AU,2021-11-28 17:31:16
603,Miass,55.045,60.1083,21.97399999999999,77,100,2.41,overcast clouds,RU,2021-11-28 17:31:17
604,Saquarema,-22.92,-42.5103,82.54400000000004,80,7,3.65,clear sky,BR,2021-11-28 17:31:17
605,Wer,27.0,77.1667,66.66800000000006,50,3,1.48,clear sky,IN,2021-11-28 17:31:17
606,Westport,41.1415,-73.3579,39.34400000000005,80,90,2.57,overcast clouds,US,2021-11-28 17:29:07
607,Nemuro,43.3236,145.575,37.849999999999966,74,5,5.39,clear sky,JP,2021-11-28 17:31:18
608,Kletnya,53.3897,33.2171,33.96199999999999,91,100,3.01,overcast clouds,RU,2021-11-28 17:31:19
609,Karachi,24.9056,67.0822,69.62000000000006,32,0,2.57,haze,PK,2021-11-28 17:31:16
610,Saint-Pierre,-21.3393,55.4781,76.6760000000001,78,90,2.57,light rain,RE,2021-11-28 17:31:20
611,Chernushka,56.5072,56.0766,26.149999999999977,96,100,7.06,light snow,RU,2021-11-28 17:31:20
612,Iseyin,7.9667,3.6,85.62200000000001,37,100,1.87,overcast clouds,NG,2021-11-28 17:31:20
613,Daru,-9.0763,143.2092,79.59199999999993,80,88,1.65,overcast clouds,PG,2021-11-28 17:31:21
614,Jalu,29.0331,21.5482,78.34999999999997,19,100,5.24,overcast clouds,LY,2021-11-28 17:31:21
615,Pangnirtung,66.1451,-65.7125,26.599999999999966,59,90,8.75,overcast clouds,CA,2021-11-28 17:31:22
616,Mahajanga,-15.7167,46.3167,82.41800000000006,74,20,2.06,few clouds,MG,2021-11-28 17:31:22
617,Tura,25.5198,90.2201,60.22399999999999,67,0,1.72,clear sky,IN,2021-11-28 17:31:23
618,Bundi,25.4417,75.6417,68.79199999999997,47,7,1.29,clear sky,IN,2021-11-28 17:31:23
619,Lumeje,-11.55,20.7833,67.4600000000001,84,89,0.74,overcast clouds,AO,2021-11-28 17:31:24
620,Szigetvar,46.0486,17.8055,43.75400000000002,94,100,2.42,overcast clouds,HU,2021-11-28 17:31:24
621,Azul,-36.777,-59.8585,61.88000000000005,92,100,4.18,moderate rain,AR,2021-11-28 17:31:25
622,Orlik,52.5178,99.825,4.298000000000002,91,100,1.79,overcast clouds,RU,2021-11-28 17:31:25
623,Myski,53.709,87.8014,22.081999999999994,90,100,2.61,light snow,RU,2021-11-28 17:31:26
624,Illapel,-31.6308,-71.1653,82.77800000000008,27,0,4.43,clear sky,CL,2021-11-28 17:31:20
625,Hamilton,39.1834,-84.5333,42.74599999999998,63,1,5.14,clear sky,US,2021-11-28 17:27:16
626,Manavalakurichi,8.1333,77.3,75.29000000000002,87,100,2.32,light rain,IN,2021-11-28 17:31:27
627,Alihe,50.5667,123.7167,11.444000000000017,98,96,1.11,overcast clouds,CN,2021-11-28 17:31:27
628,Aljezur,37.3191,-8.8033,55.59800000000001,69,15,6.19,few clouds,PT,2021-11-28 17:31:28
629,Sorong,-0.8833,131.25,77.61200000000002,89,100,1.65,overcast clouds,ID,2021-11-28 17:31:28
630,Marsassoum,12.8275,-15.9806,93.29000000000002,20,47,2.78,scattered clouds,SN,2021-11-28 17:31:28
631,Kupang,-10.1667,123.5833,80.23999999999995,84,100,2.79,moderate rain,ID,2021-11-28 17:26:31
632,Ormara,25.2088,64.6357,76.80200000000008,57,0,2.96,clear sky,PK,2021-11-28 17:31:30
633,Havelock,34.8791,-76.9013,64.382,36,77,4.81,broken clouds,US,2021-11-28 17:31:30
634,Saint-Leu,-21.15,55.2833,76.06400000000002,86,76,3.83,light rain,RE,2021-11-28 17:31:30
635,Harlingen,26.1906,-97.6961,66.29000000000002,88,90,5.66,overcast clouds,US,2021-11-28 17:28:19
636,Jaque,7.5175,-78.1703,81.42800000000005,81,43,2.29,light rain,PA,2021-11-28 17:31:31
637,Polyarnyy,69.1989,33.4478,6.6200000000000045,92,21,5.27,few clouds,RU,2021-11-28 17:31:31
638,Ochtrup,52.2167,7.1833,37.22000000000003,93,97,2.52,overcast clouds,DE,2021-11-28 17:31:32
639,Chicama,-7.8447,-79.1469,64.94,62,100,4.2,overcast clouds,PE,2021-11-28 17:31:32
640,Misratah,32.3754,15.0925,67.91000000000003,70,69,11.68,broken clouds,LY,2021-11-28 17:31:33
641,Lago Da Pedra,-4.3333,-45.1667,87.656,56,67,1.52,broken clouds,BR,2021-11-28 17:31:33
642,Mogwase,-25.185,27.2665,76.60399999999998,42,11,3.49,few clouds,ZA,2021-11-28 17:31:34
643,Rio Gallegos,-51.6226,-69.2181,69.85399999999998,13,75,16.98,broken clouds,AR,2021-11-28 17:31:34
644,Erdenet,49.0333,104.0833,8.023999999999944,83,98,1.48,overcast clouds,MN,2021-11-28 17:32:35
645,Secovce,48.7007,21.661,45.78800000000001,98,100,4.03,moderate rain,SK,2021-11-28 17:32:35
646,Mweka,-4.85,21.5667,69.33199999999994,99,82,0.68,moderate rain,CD,2021-11-28 17:32:36
647,Kaberamaido,1.7389,33.1594,73.32800000000003,60,54,1.17,broken clouds,UG,2021-11-28 17:32:36
648,Dunedin,-45.8742,170.5036,51.69199999999995,82,52,1.75,broken clouds,NZ,2021-11-28 17:32:37
649,Camacha,33.0833,-16.3333,62.023999999999944,63,40,5.14,scattered clouds,PT,2021-11-28 17:32:37
650,Mossoro,-5.1875,-37.3442,96.74600000000004,38,20,8.23,few clouds,BR,2021-11-28 17:32:38
651,Quatre Cocos,-20.2078,57.7625,77.108,72,42,2.59,scattered clouds,MU,2021-11-28 17:32:38
652,Ada,43.4166,-116.1262,42.152000000000044,75,1,2.06,clear sky,US,2021-11-28 17:32:38
653,Zapolyarnyy,69.4154,30.8136,-8.319999999999993,95,59,3.82,broken clouds,RU,2021-11-28 17:32:39
654,Kuito,-12.3833,16.9333,61.214,95,100,1.76,overcast clouds,AO,2021-11-28 17:32:39
655,Makakilo City,21.3469,-158.0858,70.12399999999997,80,75,0.0,broken clouds,US,2021-11-28 17:32:40
656,Bambous Virieux,-20.3428,57.7575,77.25200000000001,78,40,1.54,scattered clouds,MU,2021-11-28 17:32:40
657,La Macarena,2.1837,-73.7849,90.44599999999997,48,63,3.25,broken clouds,CO,2021-11-28 17:32:40
658,Pastos Bons,-6.6017,-44.0767,91.7419999999999,45,95,1.08,overcast clouds,BR,2021-11-28 17:32:41
659,Cavaillon,43.8312,5.0359,43.789999999999964,65,90,3.09,overcast clouds,FR,2021-11-28 17:32:41
660,Itarema,-2.9248,-39.9167,86.89999999999992,59,80,7.05,broken clouds,BR,2021-11-28 17:32:42
661,La Arena,-5.3466,-80.7109,85.47800000000001,40,63,5.3,broken clouds,PE,2021-11-28 17:32:43
662,Sorland,67.667,12.6934,31.855999999999995,51,100,5.67,overcast clouds,NO,2021-11-28 17:32:43
663,Muslyumovo,55.3033,53.1947,30.326000000000022,93,100,6.23,light snow,RU,2021-11-28 17:32:44
664,Kingston,17.997,-76.7936,86.95400000000001,55,20,2.06,few clouds,JM,2021-11-28 17:32:44
665,Barra Do Bugres,-15.0725,-57.1811,84.56,75,97,1.97,overcast clouds,BR,2021-11-28 17:32:45
666,Ensenada,31.8667,-116.6167,75.416,25,0,1.02,clear sky,MX,2021-11-28 17:30:05
667,Gadsden,34.0143,-86.0066,51.81800000000004,58,1,1.54,clear sky,US,2021-11-28 17:32:45
668,La Rioja,42.25,-2.5,31.783999999999935,99,100,2.97,snow,ES,2021-11-28 17:32:46
669,Loukhi,66.0764,33.0381,3.0739999999999554,98,81,0.96,broken clouds,RU,2021-11-28 17:32:46
670,Macas,-2.3167,-78.1167,85.74799999999999,58,40,4.12,scattered clouds,EC,2021-11-28 17:30:10
671,Lubumbashi,-11.6609,27.4794,67.80200000000008,70,64,0.79,broken clouds,CD,2021-11-28 17:32:47
672,Lere,10.387,8.5726,74.55200000000008,19,41,2.34,scattered clouds,NG,2021-11-28 17:32:47
673,Kelvington,52.1667,-103.5343,24.45799999999997,78,96,7.07,overcast clouds,CA,2021-11-28 17:32:48
674,Tainan,22.9908,120.2133,71.38399999999996,94,75,0.0,mist,TW,2021-11-28 17:32:48
675,Kloulklubed,7.0419,134.2556,77.50399999999996,67,100,5.33,overcast clouds,PW,2021-11-28 17:32:49
676,Flinders,-34.5833,150.8552,54.68000000000001,87,16,3.24,few clouds,AU,2021-11-28 17:32:49
677,Uarini,-2.99,-65.1083,87.74600000000004,48,95,1.42,overcast clouds,BR,2021-11-28 17:32:49
678,Tahoua,14.8888,5.2692,91.382,14,0,2.57,clear sky,NE,2021-11-28 17:32:50
679,Rorvik,64.8621,11.2373,21.307999999999936,73,0,5.14,clear sky,NO,2021-11-28 17:32:50
680,Kwinana,-32.25,115.7667,66.344,81,40,6.16,scattered clouds,AU,2021-11-28 17:32:51
681,Ahipara,-35.1667,173.1667,59.702000000000055,86,96,1.01,overcast clouds,NZ,2021-11-28 17:32:52
682,Port Hardy,50.6996,-127.4199,48.19999999999993,100,90,3.09,light rain,CA,2021-11-28 17:30:19
